{
"type": "FeatureCollection",
"name": "gbif_bats_final_polished",
"crs": { "type": "name", "properties": { "name": "urn:ogc:def:crs:OGC:1.3:CRS84" } },
"features": [
{ "type": "Feature", "properties": { "Record_ID": "GBIF_BAT_0001", "Binomial": "Hipposideros larvatus", "Genus": "Hipposideros", "Species_Epithet": "larvatus", "Subspecies": "", "Authority": "Horsfield, 1823", "Scientific_Name_Full": "Hipposideros larvatus (Horsfield, 1823)", "Latitude": 25.6, "Longitude": 91.6, "Country": "India", "Country_Code": "IN", "Year_Collected": 1872.0, "GBIF_Citation": "GBIF.org (2026). GBIF Occurrence Download. Accessed via GBIF.org on 2026-04-02.", "Citation_Notes": "For publication use: Users should create a proper GBIF download with DOI at gbif.org for citeable reference. This dataset is for preliminary analysis only.", "GBIF_Species_URL": "https://www.gbif.org/species/search?q=Hipposideros%20larvatus", "Record_Completeness": "Excellent", "Completeness_Notes": "coordinates_present; year_present; authority_present; country_present" }, "geometry": { "type": "Point", "coordinates": [ 91.6, 25.6 ] } },
{ "type": "Feature", "properties": { "Record_ID": "GBIF_BAT_0002", "Binomial": "Hipposideros larvatus", "Genus": "Hipposideros", "Species_Epithet": "larvatus", "Subspecies": "leptophyllus", "Authority": "Dobson, 1874", "Scientific_Name_Full": "Hipposideros larvatus leptophyllus (Dobson, 1874)", "Latitude": 25.467779, "Longitude": 91.795178, "Country": "India", "Country_Code": "IN", "Year_Collected": 1920.0, "GBIF_Citation": "GBIF.org (2026). GBIF Occurrence Download. Accessed via GBIF.org on 2026-04-02.", "Citation_Notes": "For publication use: Users should create a proper GBIF download with DOI at gbif.org for citeable reference. This dataset is for preliminary analysis only.", "GBIF_Species_URL": "https://www.gbif.org/species/search?q=Hipposideros%20larvatus", "Record_Completeness": "Excellent", "Completeness_Notes": "coordinates_present; year_present; authority_present; country_present; subspecies_present" }, "geometry": { "type": "Point", "coordinates": [ 91.795178, 25.467779 ] } },
{ "type": "Feature", "properties": { "Record_ID": "GBIF_BAT_0003", "Binomial": "Hipposideros larvatus", "Genus": "Hipposideros", "Species_Epithet": "larvatus", "Subspecies": "leptophyllus", "Authority": "Dobson, 1874", "Scientific_Name_Full": "Hipposideros larvatus leptophyllus (Dobson, 1874)", "Latitude": 25.299999, "Longitude": 91.699997, "Country": "India", "Country_Code": "IN", "Year_Collected": 1952.0, "GBIF_Citation": "GBIF.org (2026). GBIF Occurrence Download. Accessed via GBIF.org on 2026-04-02.", "Citation_Notes": "For publication use: Users should create a proper GBIF download with DOI at gbif.org for citeable reference. This dataset is for preliminary analysis only.", "GBIF_Species_URL": "https://www.gbif.org/species/search?q=Hipposideros%20larvatus", "Record_Completeness": "Excellent", "Completeness_Notes": "coordinates_present; year_present; authority_present; country_present; subspecies_present" }, "geometry": { "type": "Point", "coordinates": [ 91.699997, 25.299999 ] } },
{ "type": "Feature", "properties": { "Record_ID": "GBIF_BAT_0004", "Binomial": "Hipposideros larvatus", "Genus": "Hipposideros", "Species_Epithet": "larvatus", "Subspecies": "", "Authority": "Horsfield, 1823", "Scientific_Name_Full": "Hipposideros larvatus (Horsfield, 1823)", "Latitude": 25.576184, "Longitude": 92.659129, "Country": "India", "Country_Code": "IN", "Year_Collected": 2011.0, "GBIF_Citation": "GBIF.org (2026). GBIF Occurrence Download. Accessed via GBIF.org on 2026-04-02.", "Citation_Notes": "For publication use: Users should create a proper GBIF download with DOI at gbif.org for citeable reference. This dataset is for preliminary analysis only.", "GBIF_Species_URL": "https://www.gbif.org/species/search?q=Hipposideros%20larvatus", "Record_Completeness": "Excellent", "Completeness_Notes": "coordinates_present; year_present; authority_present; country_present" }, "geometry": { "type": "Point", "coordinates": [ 92.659129, 25.576184 ] } },
{ "type": "Feature", "properties": { "Record_ID": "GBIF_BAT_0006", "Binomial": "Pteropus giganteus", "Genus": "Pteropus", "Species_Epithet": "giganteus", "Subspecies": "", "Authority": "Brünnich, 1782", "Scientific_Name_Full": "Pteropus giganteus (Brünnich, 1782)", "Latitude": 23.72, "Longitude": 90.44, "Country": "Bangladesh", "Country_Code": "BD", "Year_Collected": 2013.0, "GBIF_Citation": "GBIF.org (2026). GBIF Occurrence Download. Accessed via GBIF.org on 2026-04-02.", "Citation_Notes": "For publication use: Users should create a proper GBIF download with DOI at gbif.org for citeable reference. This dataset is for preliminary analysis only.", "GBIF_Species_URL": "https://www.gbif.org/species/search?q=Pteropus%20giganteus", "Record_Completeness": "Excellent", "Completeness_Notes": "coordinates_present; year_present; authority_present; country_present" }, "geometry": { "type": "Point", "coordinates": [ 90.44, 23.72 ] } },
{ "type": "Feature", "properties": { "Record_ID": "GBIF_BAT_0007", "Binomial": "Pteropus giganteus", "Genus": "Pteropus", "Species_Epithet": "giganteus", "Subspecies": "", "Authority": "Brünnich, 1782", "Scientific_Name_Full": "Pteropus giganteus (Brünnich, 1782)", "Latitude": 24.08333, "Longitude": 87.73333, "Country": "India", "Country_Code": "IN", "Year_Collected": 1964.0, "GBIF_Citation": "GBIF.org (2026). GBIF Occurrence Download. Accessed via GBIF.org on 2026-04-02.", "Citation_Notes": "For publication use: Users should create a proper GBIF download with DOI at gbif.org for citeable reference. This dataset is for preliminary analysis only.", "GBIF_Species_URL": "https://www.gbif.org/species/search?q=Pteropus%20giganteus", "Record_Completeness": "Excellent", "Completeness_Notes": "coordinates_present; year_present; authority_present; country_present" }, "geometry": { "type": "Point", "coordinates": [ 87.73333, 24.08333 ] } },
{ "type": "Feature", "properties": { "Record_ID": "GBIF_BAT_0008", "Binomial": "Pteropus giganteus", "Genus": "Pteropus", "Species_Epithet": "giganteus", "Subspecies": "", "Authority": "Brünnich, 1782", "Scientific_Name_Full": "Pteropus giganteus (Brünnich, 1782)", "Latitude": 10.240298, "Longitude": 76.26313, "Country": "India", "Country_Code": "IN", "Year_Collected": 2013.0, "GBIF_Citation": "GBIF.org (2026). GBIF Occurrence Download. Accessed via GBIF.org on 2026-04-02.", "Citation_Notes": "For publication use: Users should create a proper GBIF download with DOI at gbif.org for citeable reference. This dataset is for preliminary analysis only.", "GBIF_Species_URL": "https://www.gbif.org/species/search?q=Pteropus%20giganteus", "Record_Completeness": "Excellent", "Completeness_Notes": "coordinates_present; year_present; authority_present; country_present" }, "geometry": { "type": "Point", "coordinates": [ 76.26313, 10.240298 ] } },
{ "type": "Feature", "properties": { "Record_ID": "GBIF_BAT_0009", "Binomial": "Pteropus giganteus", "Genus": "Pteropus", "Species_Epithet": "giganteus", "Subspecies": "", "Authority": "Brünnich, 1782", "Scientific_Name_Full": "Pteropus giganteus (Brünnich, 1782)", "Latitude": 22.572645, "Longitude": 88.363892, "Country": "India", "Country_Code": "IN", "Year_Collected": 2013.0, "GBIF_Citation": "GBIF.org (2026). GBIF Occurrence Download. Accessed via GBIF.org on 2026-04-02.", "Citation_Notes": "For publication use: Users should create a proper GBIF download with DOI at gbif.org for citeable reference. This dataset is for preliminary analysis only.", "GBIF_Species_URL": "https://www.gbif.org/species/search?q=Pteropus%20giganteus", "Record_Completeness": "Excellent", "Completeness_Notes": "coordinates_present; year_present; authority_present; country_present" }, "geometry": { "type": "Point", "coordinates": [ 88.363892, 22.572645 ] } },
{ "type": "Feature", "properties": { "Record_ID": "GBIF_BAT_0010", "Binomial": "Pteropus giganteus", "Genus": "Pteropus", "Species_Epithet": "giganteus", "Subspecies": "", "Authority": "Brünnich, 1782", "Scientific_Name_Full": "Pteropus giganteus (Brünnich, 1782)", "Latitude": 26.717218, "Longitude": 88.455772, "Country": "India", "Country_Code": "IN", "Year_Collected": 2015.0, "GBIF_Citation": "GBIF.org (2026). GBIF Occurrence Download. Accessed via GBIF.org on 2026-04-02.", "Citation_Notes": "For publication use: Users should create a proper GBIF download with DOI at gbif.org for citeable reference. This dataset is for preliminary analysis only.", "GBIF_Species_URL": "https://www.gbif.org/species/search?q=Pteropus%20giganteus", "Record_Completeness": "Excellent", "Completeness_Notes": "coordinates_present; year_present; authority_present; country_present" }, "geometry": { "type": "Point", "coordinates": [ 88.455772, 26.717218 ] } },
{ "type": "Feature", "properties": { "Record_ID": "GBIF_BAT_0011", "Binomial": "Pteropus giganteus", "Genus": "Pteropus", "Species_Epithet": "giganteus", "Subspecies": "", "Authority": "Brünnich, 1782", "Scientific_Name_Full": "Pteropus giganteus (Brünnich, 1782)", "Latitude": 10.055931, "Longitude": 77.071648, "Country": "India", "Country_Code": "IN", "Year_Collected": 2016.0, "GBIF_Citation": "GBIF.org (2026). GBIF Occurrence Download. Accessed via GBIF.org on 2026-04-02.", "Citation_Notes": "For publication use: Users should create a proper GBIF download with DOI at gbif.org for citeable reference. This dataset is for preliminary analysis only.", "GBIF_Species_URL": "https://www.gbif.org/species/search?q=Pteropus%20giganteus", "Record_Completeness": "Excellent", "Completeness_Notes": "coordinates_present; year_present; authority_present; country_present" }, "geometry": { "type": "Point", "coordinates": [ 77.071648, 10.055931 ] } },
{ "type": "Feature", "properties": { "Record_ID": "GBIF_BAT_0012", "Binomial": "Pteropus giganteus", "Genus": "Pteropus", "Species_Epithet": "giganteus", "Subspecies": "", "Authority": "Brünnich, 1782", "Scientific_Name_Full": "Pteropus giganteus (Brünnich, 1782)", "Latitude": 26.734573, "Longitude": 90.524597, "Country": "India", "Country_Code": "IN", "Year_Collected": 2019.0, "GBIF_Citation": "GBIF.org (2026). GBIF Occurrence Download. Accessed via GBIF.org on 2026-04-02.", "Citation_Notes": "For publication use: Users should create a proper GBIF download with DOI at gbif.org for citeable reference. This dataset is for preliminary analysis only.", "GBIF_Species_URL": "https://www.gbif.org/species/search?q=Pteropus%20giganteus", "Record_Completeness": "Excellent", "Completeness_Notes": "coordinates_present; year_present; authority_present; country_present" }, "geometry": { "type": "Point", "coordinates": [ 90.524597, 26.734573 ] } },
{ "type": "Feature", "properties": { "Record_ID": "GBIF_BAT_0013", "Binomial": "Pteropus giganteus", "Genus": "Pteropus", "Species_Epithet": "giganteus", "Subspecies": "", "Authority": "Brünnich, 1782", "Scientific_Name_Full": "Pteropus giganteus (Brünnich, 1782)", "Latitude": 26.188948, "Longitude": 91.742553, "Country": "India", "Country_Code": "IN", "Year_Collected": 2020.0, "GBIF_Citation": "GBIF.org (2026). GBIF Occurrence Download. Accessed via GBIF.org on 2026-04-02.", "Citation_Notes": "For publication use: Users should create a proper GBIF download with DOI at gbif.org for citeable reference. This dataset is for preliminary analysis only.", "GBIF_Species_URL": "https://www.gbif.org/species/search?q=Pteropus%20giganteus", "Record_Completeness": "Excellent", "Completeness_Notes": "coordinates_present; year_present; authority_present; country_present" }, "geometry": { "type": "Point", "coordinates": [ 91.742553, 26.188948 ] } },
{ "type": "Feature", "properties": { "Record_ID": "GBIF_BAT_0014", "Binomial": "Pteropus giganteus", "Genus": "Pteropus", "Species_Epithet": "giganteus", "Subspecies": "", "Authority": "Brünnich, 1782", "Scientific_Name_Full": "Pteropus giganteus (Brünnich, 1782)", "Latitude": 8.549304, "Longitude": 76.977268, "Country": "India", "Country_Code": "IN", "Year_Collected": 2020.0, "GBIF_Citation": "GBIF.org (2026). GBIF Occurrence Download. Accessed via GBIF.org on 2026-04-02.", "Citation_Notes": "For publication use: Users should create a proper GBIF download with DOI at gbif.org for citeable reference. This dataset is for preliminary analysis only.", "GBIF_Species_URL": "https://www.gbif.org/species/search?q=Pteropus%20giganteus", "Record_Completeness": "Excellent", "Completeness_Notes": "coordinates_present; year_present; authority_present; country_present" }, "geometry": { "type": "Point", "coordinates": [ 76.977268, 8.549304 ] } },
{ "type": "Feature", "properties": { "Record_ID": "GBIF_BAT_0015", "Binomial": "Pteropus giganteus", "Genus": "Pteropus", "Species_Epithet": "giganteus", "Subspecies": "", "Authority": "Brünnich, 1782", "Scientific_Name_Full": "Pteropus giganteus (Brünnich, 1782)", "Latitude": 8.816745, "Longitude": 76.681506, "Country": "India", "Country_Code": "IN", "Year_Collected": 2020.0, "GBIF_Citation": "GBIF.org (2026). GBIF Occurrence Download. Accessed via GBIF.org on 2026-04-02.", "Citation_Notes": "For publication use: Users should create a proper GBIF download with DOI at gbif.org for citeable reference. This dataset is for preliminary analysis only.", "GBIF_Species_URL": "https://www.gbif.org/species/search?q=Pteropus%20giganteus", "Record_Completeness": "Excellent", "Completeness_Notes": "coordinates_present; year_present; authority_present; country_present" }, "geometry": { "type": "Point", "coordinates": [ 76.681506, 8.816745 ] } },
{ "type": "Feature", "properties": { "Record_ID": "GBIF_BAT_0016", "Binomial": "Pteropus giganteus", "Genus": "Pteropus", "Species_Epithet": "giganteus", "Subspecies": "", "Authority": "Brünnich, 1782", "Scientific_Name_Full": "Pteropus giganteus (Brünnich, 1782)", "Latitude": 9.851561, "Longitude": 76.382912, "Country": "India", "Country_Code": "IN", "Year_Collected": 2020.0, "GBIF_Citation": "GBIF.org (2026). GBIF Occurrence Download. Accessed via GBIF.org on 2026-04-02.", "Citation_Notes": "For publication use: Users should create a proper GBIF download with DOI at gbif.org for citeable reference. This dataset is for preliminary analysis only.", "GBIF_Species_URL": "https://www.gbif.org/species/search?q=Pteropus%20giganteus", "Record_Completeness": "Excellent", "Completeness_Notes": "coordinates_present; year_present; authority_present; country_present" }, "geometry": { "type": "Point", "coordinates": [ 76.382912, 9.851561 ] } },
{ "type": "Feature", "properties": { "Record_ID": "GBIF_BAT_0017", "Binomial": "Pteropus giganteus", "Genus": "Pteropus", "Species_Epithet": "giganteus", "Subspecies": "", "Authority": "Brünnich, 1782", "Scientific_Name_Full": "Pteropus giganteus (Brünnich, 1782)", "Latitude": 8.895621, "Longitude": 76.639433, "Country": "India", "Country_Code": "IN", "Year_Collected": 2020.0, "GBIF_Citation": "GBIF.org (2026). GBIF Occurrence Download. Accessed via GBIF.org on 2026-04-02.", "Citation_Notes": "For publication use: Users should create a proper GBIF download with DOI at gbif.org for citeable reference. This dataset is for preliminary analysis only.", "GBIF_Species_URL": "https://www.gbif.org/species/search?q=Pteropus%20giganteus", "Record_Completeness": "Excellent", "Completeness_Notes": "coordinates_present; year_present; authority_present; country_present" }, "geometry": { "type": "Point", "coordinates": [ 76.639433, 8.895621 ] } },
{ "type": "Feature", "properties": { "Record_ID": "GBIF_BAT_0018", "Binomial": "Pteropus giganteus", "Genus": "Pteropus", "Species_Epithet": "giganteus", "Subspecies": "", "Authority": "Brünnich, 1782", "Scientific_Name_Full": "Pteropus giganteus (Brünnich, 1782)", "Latitude": 11.3607, "Longitude": 76.7841, "Country": "India", "Country_Code": "IN", "Year_Collected": 2021.0, "GBIF_Citation": "GBIF.org (2026). GBIF Occurrence Download. Accessed via GBIF.org on 2026-04-02.", "Citation_Notes": "For publication use: Users should create a proper GBIF download with DOI at gbif.org for citeable reference. This dataset is for preliminary analysis only.", "GBIF_Species_URL": "https://www.gbif.org/species/search?q=Pteropus%20giganteus", "Record_Completeness": "Excellent", "Completeness_Notes": "coordinates_present; year_present; authority_present; country_present" }, "geometry": { "type": "Point", "coordinates": [ 76.7841, 11.3607 ] } },
{ "type": "Feature", "properties": { "Record_ID": "GBIF_BAT_0021", "Binomial": "Pteropus medius", "Genus": "Pteropus", "Species_Epithet": "medius", "Subspecies": "", "Authority": "medius Temminck, 1825", "Scientific_Name_Full": "Pteropus medius medius Temminck, 1825", "Latitude": 22.2833, "Longitude": 89.2167, "Country": "Bangladesh", "Country_Code": "BD", "Year_Collected": 1958.0, "GBIF_Citation": "GBIF.org (2026). GBIF Occurrence Download. Accessed via GBIF.org on 2026-04-02.", "Citation_Notes": "For publication use: Users should create a proper GBIF download with DOI at gbif.org for citeable reference. This dataset is for preliminary analysis only.", "GBIF_Species_URL": "https://www.gbif.org/species/search?q=Pteropus%20medius", "Record_Completeness": "Excellent", "Completeness_Notes": "coordinates_present; year_present; authority_present; country_present" }, "geometry": { "type": "Point", "coordinates": [ 89.2167, 22.2833 ] } },
{ "type": "Feature", "properties": { "Record_ID": "GBIF_BAT_0022", "Binomial": "Pteropus medius", "Genus": "Pteropus", "Species_Epithet": "medius", "Subspecies": "", "Authority": "Temminck, 1825", "Scientific_Name_Full": "Pteropus medius Temminck, 1825", "Latitude": 23.990508, "Longitude": 90.387718, "Country": "Bangladesh", "Country_Code": "BD", "Year_Collected": 2009.0, "GBIF_Citation": "GBIF.org (2026). GBIF Occurrence Download. Accessed via GBIF.org on 2026-04-02.", "Citation_Notes": "For publication use: Users should create a proper GBIF download with DOI at gbif.org for citeable reference. This dataset is for preliminary analysis only.", "GBIF_Species_URL": "https://www.gbif.org/species/search?q=Pteropus%20medius", "Record_Completeness": "Excellent", "Completeness_Notes": "coordinates_present; year_present; authority_present; country_present" }, "geometry": { "type": "Point", "coordinates": [ 90.387718, 23.990508 ] } },
{ "type": "Feature", "properties": { "Record_ID": "GBIF_BAT_0023", "Binomial": "Pteropus medius", "Genus": "Pteropus", "Species_Epithet": "medius", "Subspecies": "", "Authority": "Temminck, 1825", "Scientific_Name_Full": "Pteropus medius Temminck, 1825", "Latitude": 24.251485, "Longitude": 89.919804, "Country": "Bangladesh", "Country_Code": "BD", "Year_Collected": 2009.0, "GBIF_Citation": "GBIF.org (2026). GBIF Occurrence Download. Accessed via GBIF.org on 2026-04-02.", "Citation_Notes": "For publication use: Users should create a proper GBIF download with DOI at gbif.org for citeable reference. This dataset is for preliminary analysis only.", "GBIF_Species_URL": "https://www.gbif.org/species/search?q=Pteropus%20medius", "Record_Completeness": "Excellent", "Completeness_Notes": "coordinates_present; year_present; authority_present; country_present" }, "geometry": { "type": "Point", "coordinates": [ 89.919804, 24.251485 ] } },
{ "type": "Feature", "properties": { "Record_ID": "GBIF_BAT_0024", "Binomial": "Pteropus medius", "Genus": "Pteropus", "Species_Epithet": "medius", "Subspecies": "", "Authority": "Temminck, 1825", "Scientific_Name_Full": "Pteropus medius Temminck, 1825", "Latitude": 23.684994, "Longitude": 90.356331, "Country": "Bangladesh", "Country_Code": "BD", "Year_Collected": 2010.0, "GBIF_Citation": "GBIF.org (2026). GBIF Occurrence Download. Accessed via GBIF.org on 2026-04-02.", "Citation_Notes": "For publication use: Users should create a proper GBIF download with DOI at gbif.org for citeable reference. This dataset is for preliminary analysis only.", "GBIF_Species_URL": "https://www.gbif.org/species/search?q=Pteropus%20medius", "Record_Completeness": "Excellent", "Completeness_Notes": "coordinates_present; year_present; authority_present; country_present" }, "geometry": { "type": "Point", "coordinates": [ 90.356331, 23.684994 ] } },
{ "type": "Feature", "properties": { "Record_ID": "GBIF_BAT_0025", "Binomial": "Pteropus medius", "Genus": "Pteropus", "Species_Epithet": "medius", "Subspecies": "", "Authority": "Temminck, 1825", "Scientific_Name_Full": "Pteropus medius Temminck, 1825", "Latitude": 24.485853, "Longitude": 91.77646, "Country": "Bangladesh", "Country_Code": "BD", "Year_Collected": 2010.0, "GBIF_Citation": "GBIF.org (2026). GBIF Occurrence Download. Accessed via GBIF.org on 2026-04-02.", "Citation_Notes": "For publication use: Users should create a proper GBIF download with DOI at gbif.org for citeable reference. This dataset is for preliminary analysis only.", "GBIF_Species_URL": "https://www.gbif.org/species/search?q=Pteropus%20medius", "Record_Completeness": "Excellent", "Completeness_Notes": "coordinates_present; year_present; authority_present; country_present" }, "geometry": { "type": "Point", "coordinates": [ 91.77646, 24.485853 ] } },
{ "type": "Feature", "properties": { "Record_ID": "GBIF_BAT_0026", "Binomial": "Pteropus medius", "Genus": "Pteropus", "Species_Epithet": "medius", "Subspecies": "", "Authority": "Temminck, 1825", "Scientific_Name_Full": "Pteropus medius Temminck, 1825", "Latitude": 23.482445, "Longitude": 90.256278, "Country": "Bangladesh", "Country_Code": "BD", "Year_Collected": 2013.0, "GBIF_Citation": "GBIF.org (2026). GBIF Occurrence Download. Accessed via GBIF.org on 2026-04-02.", "Citation_Notes": "For publication use: Users should create a proper GBIF download with DOI at gbif.org for citeable reference. This dataset is for preliminary analysis only.", "GBIF_Species_URL": "https://www.gbif.org/species/search?q=Pteropus%20medius", "Record_Completeness": "Excellent", "Completeness_Notes": "coordinates_present; year_present; authority_present; country_present" }, "geometry": { "type": "Point", "coordinates": [ 90.256278, 23.482445 ] } },
{ "type": "Feature", "properties": { "Record_ID": "GBIF_BAT_0027", "Binomial": "Pteropus medius", "Genus": "Pteropus", "Species_Epithet": "medius", "Subspecies": "", "Authority": "Temminck, 1825", "Scientific_Name_Full": "Pteropus medius Temminck, 1825", "Latitude": 22.685469, "Longitude": 90.643903, "Country": "Bangladesh", "Country_Code": "BD", "Year_Collected": 2013.0, "GBIF_Citation": "GBIF.org (2026). GBIF Occurrence Download. Accessed via GBIF.org on 2026-04-02.", "Citation_Notes": "For publication use: Users should create a proper GBIF download with DOI at gbif.org for citeable reference. This dataset is for preliminary analysis only.", "GBIF_Species_URL": "https://www.gbif.org/species/search?q=Pteropus%20medius", "Record_Completeness": "Excellent", "Completeness_Notes": "coordinates_present; year_present; authority_present; country_present" }, "geometry": { "type": "Point", "coordinates": [ 90.643903, 22.685469 ] } },
{ "type": "Feature", "properties": { "Record_ID": "GBIF_BAT_0028", "Binomial": "Pteropus medius", "Genus": "Pteropus", "Species_Epithet": "medius", "Subspecies": "", "Authority": "Temminck, 1825", "Scientific_Name_Full": "Pteropus medius Temminck, 1825", "Latitude": 22.713288, "Longitude": 90.349628, "Country": "Bangladesh", "Country_Code": "BD", "Year_Collected": 2013.0, "GBIF_Citation": "GBIF.org (2026). GBIF Occurrence Download. Accessed via GBIF.org on 2026-04-02.", "Citation_Notes": "For publication use: Users should create a proper GBIF download with DOI at gbif.org for citeable reference. This dataset is for preliminary analysis only.", "GBIF_Species_URL": "https://www.gbif.org/species/search?q=Pteropus%20medius", "Record_Completeness": "Excellent", "Completeness_Notes": "coordinates_present; year_present; authority_present; country_present" }, "geometry": { "type": "Point", "coordinates": [ 90.349628, 22.713288 ] } },
{ "type": "Feature", "properties": { "Record_ID": "GBIF_BAT_0029", "Binomial": "Pteropus medius", "Genus": "Pteropus", "Species_Epithet": "medius", "Subspecies": "", "Authority": "Temminck, 1825", "Scientific_Name_Full": "Pteropus medius Temminck, 1825", "Latitude": 21.653599, "Longitude": 92.296829, "Country": "Bangladesh", "Country_Code": "BD", "Year_Collected": 2015.0, "GBIF_Citation": "GBIF.org (2026). GBIF Occurrence Download. Accessed via GBIF.org on 2026-04-02.", "Citation_Notes": "For publication use: Users should create a proper GBIF download with DOI at gbif.org for citeable reference. This dataset is for preliminary analysis only.", "GBIF_Species_URL": "https://www.gbif.org/species/search?q=Pteropus%20medius", "Record_Completeness": "Excellent", "Completeness_Notes": "coordinates_present; year_present; authority_present; country_present" }, "geometry": { "type": "Point", "coordinates": [ 92.296829, 21.653599 ] } },
{ "type": "Feature", "properties": { "Record_ID": "GBIF_BAT_0030", "Binomial": "Pteropus medius", "Genus": "Pteropus", "Species_Epithet": "medius", "Subspecies": "", "Authority": "Temminck, 1825", "Scientific_Name_Full": "Pteropus medius Temminck, 1825", "Latitude": 22.195999, "Longitude": 92.217833, "Country": "Bangladesh", "Country_Code": "BD", "Year_Collected": 2018.0, "GBIF_Citation": "GBIF.org (2026). GBIF Occurrence Download. Accessed via GBIF.org on 2026-04-02.", "Citation_Notes": "For publication use: Users should create a proper GBIF download with DOI at gbif.org for citeable reference. This dataset is for preliminary analysis only.", "GBIF_Species_URL": "https://www.gbif.org/species/search?q=Pteropus%20medius", "Record_Completeness": "Excellent", "Completeness_Notes": "coordinates_present; year_present; authority_present; country_present" }, "geometry": { "type": "Point", "coordinates": [ 92.217833, 22.195999 ] } },
{ "type": "Feature", "properties": { "Record_ID": "GBIF_BAT_0031", "Binomial": "Pteropus medius", "Genus": "Pteropus", "Species_Epithet": "medius", "Subspecies": "", "Authority": "Temminck, 1825", "Scientific_Name_Full": "Pteropus medius Temminck, 1825", "Latitude": 23.750681, "Longitude": 90.376039, "Country": "Bangladesh", "Country_Code": "BD", "Year_Collected": 2018.0, "GBIF_Citation": "GBIF.org (2026). GBIF Occurrence Download. Accessed via GBIF.org on 2026-04-02.", "Citation_Notes": "For publication use: Users should create a proper GBIF download with DOI at gbif.org for citeable reference. This dataset is for preliminary analysis only.", "GBIF_Species_URL": "https://www.gbif.org/species/search?q=Pteropus%20medius", "Record_Completeness": "Excellent", "Completeness_Notes": "coordinates_present; year_present; authority_present; country_present" }, "geometry": { "type": "Point", "coordinates": [ 90.376039, 23.750681 ] } },
{ "type": "Feature", "properties": { "Record_ID": "GBIF_BAT_0032", "Binomial": "Pteropus medius", "Genus": "Pteropus", "Species_Epithet": "medius", "Subspecies": "", "Authority": "Temminck, 1825", "Scientific_Name_Full": "Pteropus medius Temminck, 1825", "Latitude": 23.812954, "Longitude": 90.348201, "Country": "Bangladesh", "Country_Code": "BD", "Year_Collected": 2019.0, "GBIF_Citation": "GBIF.org (2026). GBIF Occurrence Download. Accessed via GBIF.org on 2026-04-02.", "Citation_Notes": "For publication use: Users should create a proper GBIF download with DOI at gbif.org for citeable reference. This dataset is for preliminary analysis only.", "GBIF_Species_URL": "https://www.gbif.org/species/search?q=Pteropus%20medius", "Record_Completeness": "Excellent", "Completeness_Notes": "coordinates_present; year_present; authority_present; country_present" }, "geometry": { "type": "Point", "coordinates": [ 90.348201, 23.812954 ] } },
{ "type": "Feature", "properties": { "Record_ID": "GBIF_BAT_0033", "Binomial": "Pteropus medius", "Genus": "Pteropus", "Species_Epithet": "medius", "Subspecies": "", "Authority": "Temminck, 1825", "Scientific_Name_Full": "Pteropus medius Temminck, 1825", "Latitude": 23.801092, "Longitude": 90.410944, "Country": "Bangladesh", "Country_Code": "BD", "Year_Collected": 2019.0, "GBIF_Citation": "GBIF.org (2026). GBIF Occurrence Download. Accessed via GBIF.org on 2026-04-02.", "Citation_Notes": "For publication use: Users should create a proper GBIF download with DOI at gbif.org for citeable reference. This dataset is for preliminary analysis only.", "GBIF_Species_URL": "https://www.gbif.org/species/search?q=Pteropus%20medius", "Record_Completeness": "Excellent", "Completeness_Notes": "coordinates_present; year_present; authority_present; country_present" }, "geometry": { "type": "Point", "coordinates": [ 90.410944, 23.801092 ] } },
{ "type": "Feature", "properties": { "Record_ID": "GBIF_BAT_0034", "Binomial": "Pteropus medius", "Genus": "Pteropus", "Species_Epithet": "medius", "Subspecies": "", "Authority": "Temminck, 1825", "Scientific_Name_Full": "Pteropus medius Temminck, 1825", "Latitude": 23.753818, "Longitude": 90.36904, "Country": "Bangladesh", "Country_Code": "BD", "Year_Collected": 2020.0, "GBIF_Citation": "GBIF.org (2026). GBIF Occurrence Download. Accessed via GBIF.org on 2026-04-02.", "Citation_Notes": "For publication use: Users should create a proper GBIF download with DOI at gbif.org for citeable reference. This dataset is for preliminary analysis only.", "GBIF_Species_URL": "https://www.gbif.org/species/search?q=Pteropus%20medius", "Record_Completeness": "Excellent", "Completeness_Notes": "coordinates_present; year_present; authority_present; country_present" }, "geometry": { "type": "Point", "coordinates": [ 90.36904, 23.753818 ] } },
{ "type": "Feature", "properties": { "Record_ID": "GBIF_BAT_0035", "Binomial": "Pteropus medius", "Genus": "Pteropus", "Species_Epithet": "medius", "Subspecies": "", "Authority": "Temminck, 1825", "Scientific_Name_Full": "Pteropus medius Temminck, 1825", "Latitude": 23.815894, "Longitude": 90.349116, "Country": "Bangladesh", "Country_Code": "BD", "Year_Collected": 2020.0, "GBIF_Citation": "GBIF.org (2026). GBIF Occurrence Download. Accessed via GBIF.org on 2026-04-02.", "Citation_Notes": "For publication use: Users should create a proper GBIF download with DOI at gbif.org for citeable reference. This dataset is for preliminary analysis only.", "GBIF_Species_URL": "https://www.gbif.org/species/search?q=Pteropus%20medius", "Record_Completeness": "Excellent", "Completeness_Notes": "coordinates_present; year_present; authority_present; country_present" }, "geometry": { "type": "Point", "coordinates": [ 90.349116, 23.815894 ] } },
{ "type": "Feature", "properties": { "Record_ID": "GBIF_BAT_0036", "Binomial": "Pteropus medius", "Genus": "Pteropus", "Species_Epithet": "medius", "Subspecies": "", "Authority": "Temminck, 1825", "Scientific_Name_Full": "Pteropus medius Temminck, 1825", "Latitude": 23.762927, "Longitude": 90.382975, "Country": "Bangladesh", "Country_Code": "BD", "Year_Collected": 2020.0, "GBIF_Citation": "GBIF.org (2026). GBIF Occurrence Download. Accessed via GBIF.org on 2026-04-02.", "Citation_Notes": "For publication use: Users should create a proper GBIF download with DOI at gbif.org for citeable reference. This dataset is for preliminary analysis only.", "GBIF_Species_URL": "https://www.gbif.org/species/search?q=Pteropus%20medius", "Record_Completeness": "Excellent", "Completeness_Notes": "coordinates_present; year_present; authority_present; country_present" }, "geometry": { "type": "Point", "coordinates": [ 90.382975, 23.762927 ] } },
{ "type": "Feature", "properties": { "Record_ID": "GBIF_BAT_0037", "Binomial": "Pteropus medius", "Genus": "Pteropus", "Species_Epithet": "medius", "Subspecies": "", "Authority": "Temminck, 1825", "Scientific_Name_Full": "Pteropus medius Temminck, 1825", "Latitude": 24.362645, "Longitude": 88.634491, "Country": "Bangladesh", "Country_Code": "BD", "Year_Collected": 2021.0, "GBIF_Citation": "GBIF.org (2026). GBIF Occurrence Download. Accessed via GBIF.org on 2026-04-02.", "Citation_Notes": "For publication use: Users should create a proper GBIF download with DOI at gbif.org for citeable reference. This dataset is for preliminary analysis only.", "GBIF_Species_URL": "https://www.gbif.org/species/search?q=Pteropus%20medius", "Record_Completeness": "Excellent", "Completeness_Notes": "coordinates_present; year_present; authority_present; country_present" }, "geometry": { "type": "Point", "coordinates": [ 88.634491, 24.362645 ] } },
{ "type": "Feature", "properties": { "Record_ID": "GBIF_BAT_0038", "Binomial": "Pteropus medius", "Genus": "Pteropus", "Species_Epithet": "medius", "Subspecies": "", "Authority": "Temminck, 1825", "Scientific_Name_Full": "Pteropus medius Temminck, 1825", "Latitude": 22.356571, "Longitude": 91.816895, "Country": "Bangladesh", "Country_Code": "BD", "Year_Collected": 2021.0, "GBIF_Citation": "GBIF.org (2026). GBIF Occurrence Download. Accessed via GBIF.org on 2026-04-02.", "Citation_Notes": "For publication use: Users should create a proper GBIF download with DOI at gbif.org for citeable reference. This dataset is for preliminary analysis only.", "GBIF_Species_URL": "https://www.gbif.org/species/search?q=Pteropus%20medius", "Record_Completeness": "Excellent", "Completeness_Notes": "coordinates_present; year_present; authority_present; country_present" }, "geometry": { "type": "Point", "coordinates": [ 91.816895, 22.356571 ] } },
{ "type": "Feature", "properties": { "Record_ID": "GBIF_BAT_0039", "Binomial": "Pteropus medius", "Genus": "Pteropus", "Species_Epithet": "medius", "Subspecies": "", "Authority": "Temminck, 1825", "Scientific_Name_Full": "Pteropus medius Temminck, 1825", "Latitude": 22.356358, "Longitude": 91.817383, "Country": "Bangladesh", "Country_Code": "BD", "Year_Collected": 2021.0, "GBIF_Citation": "GBIF.org (2026). GBIF Occurrence Download. Accessed via GBIF.org on 2026-04-02.", "Citation_Notes": "For publication use: Users should create a proper GBIF download with DOI at gbif.org for citeable reference. This dataset is for preliminary analysis only.", "GBIF_Species_URL": "https://www.gbif.org/species/search?q=Pteropus%20medius", "Record_Completeness": "Excellent", "Completeness_Notes": "coordinates_present; year_present; authority_present; country_present" }, "geometry": { "type": "Point", "coordinates": [ 91.817383, 22.356358 ] } },
{ "type": "Feature", "properties": { "Record_ID": "GBIF_BAT_0040", "Binomial": "Pteropus medius", "Genus": "Pteropus", "Species_Epithet": "medius", "Subspecies": "", "Authority": "Temminck, 1825", "Scientific_Name_Full": "Pteropus medius Temminck, 1825", "Latitude": 22.995072, "Longitude": 89.814483, "Country": "Bangladesh", "Country_Code": "BD", "Year_Collected": 2021.0, "GBIF_Citation": "GBIF.org (2026). GBIF Occurrence Download. Accessed via GBIF.org on 2026-04-02.", "Citation_Notes": "For publication use: Users should create a proper GBIF download with DOI at gbif.org for citeable reference. This dataset is for preliminary analysis only.", "GBIF_Species_URL": "https://www.gbif.org/species/search?q=Pteropus%20medius", "Record_Completeness": "Excellent", "Completeness_Notes": "coordinates_present; year_present; authority_present; country_present" }, "geometry": { "type": "Point", "coordinates": [ 89.814483, 22.995072 ] } },
{ "type": "Feature", "properties": { "Record_ID": "GBIF_BAT_0041", "Binomial": "Pteropus medius", "Genus": "Pteropus", "Species_Epithet": "medius", "Subspecies": "", "Authority": "Temminck, 1825", "Scientific_Name_Full": "Pteropus medius Temminck, 1825", "Latitude": 23.818922, "Longitude": 90.341764, "Country": "Bangladesh", "Country_Code": "BD", "Year_Collected": 2022.0, "GBIF_Citation": "GBIF.org (2026). GBIF Occurrence Download. Accessed via GBIF.org on 2026-04-02.", "Citation_Notes": "For publication use: Users should create a proper GBIF download with DOI at gbif.org for citeable reference. This dataset is for preliminary analysis only.", "GBIF_Species_URL": "https://www.gbif.org/species/search?q=Pteropus%20medius", "Record_Completeness": "Excellent", "Completeness_Notes": "coordinates_present; year_present; authority_present; country_present" }, "geometry": { "type": "Point", "coordinates": [ 90.341764, 23.818922 ] } },
{ "type": "Feature", "properties": { "Record_ID": "GBIF_BAT_0042", "Binomial": "Pteropus medius", "Genus": "Pteropus", "Species_Epithet": "medius", "Subspecies": "", "Authority": "Temminck, 1825", "Scientific_Name_Full": "Pteropus medius Temminck, 1825", "Latitude": 23.819992, "Longitude": 90.347927, "Country": "Bangladesh", "Country_Code": "BD", "Year_Collected": 2022.0, "GBIF_Citation": "GBIF.org (2026). GBIF Occurrence Download. Accessed via GBIF.org on 2026-04-02.", "Citation_Notes": "For publication use: Users should create a proper GBIF download with DOI at gbif.org for citeable reference. This dataset is for preliminary analysis only.", "GBIF_Species_URL": "https://www.gbif.org/species/search?q=Pteropus%20medius", "Record_Completeness": "Excellent", "Completeness_Notes": "coordinates_present; year_present; authority_present; country_present" }, "geometry": { "type": "Point", "coordinates": [ 90.347927, 23.819992 ] } },
{ "type": "Feature", "properties": { "Record_ID": "GBIF_BAT_0043", "Binomial": "Pteropus medius", "Genus": "Pteropus", "Species_Epithet": "medius", "Subspecies": "", "Authority": "Temminck, 1825", "Scientific_Name_Full": "Pteropus medius Temminck, 1825", "Latitude": 23.477125, "Longitude": 90.15862, "Country": "Bangladesh", "Country_Code": "BD", "Year_Collected": 2022.0, "GBIF_Citation": "GBIF.org (2026). GBIF Occurrence Download. Accessed via GBIF.org on 2026-04-02.", "Citation_Notes": "For publication use: Users should create a proper GBIF download with DOI at gbif.org for citeable reference. This dataset is for preliminary analysis only.", "GBIF_Species_URL": "https://www.gbif.org/species/search?q=Pteropus%20medius", "Record_Completeness": "Excellent", "Completeness_Notes": "coordinates_present; year_present; authority_present; country_present" }, "geometry": { "type": "Point", "coordinates": [ 90.15862, 23.477125 ] } },
{ "type": "Feature", "properties": { "Record_ID": "GBIF_BAT_0044", "Binomial": "Pteropus medius", "Genus": "Pteropus", "Species_Epithet": "medius", "Subspecies": "", "Authority": "Temminck, 1825", "Scientific_Name_Full": "Pteropus medius Temminck, 1825", "Latitude": 23.742568, "Longitude": 90.376551, "Country": "Bangladesh", "Country_Code": "BD", "Year_Collected": 2022.0, "GBIF_Citation": "GBIF.org (2026). GBIF Occurrence Download. Accessed via GBIF.org on 2026-04-02.", "Citation_Notes": "For publication use: Users should create a proper GBIF download with DOI at gbif.org for citeable reference. This dataset is for preliminary analysis only.", "GBIF_Species_URL": "https://www.gbif.org/species/search?q=Pteropus%20medius", "Record_Completeness": "Excellent", "Completeness_Notes": "coordinates_present; year_present; authority_present; country_present" }, "geometry": { "type": "Point", "coordinates": [ 90.376551, 23.742568 ] } },
{ "type": "Feature", "properties": { "Record_ID": "GBIF_BAT_0045", "Binomial": "Pteropus medius", "Genus": "Pteropus", "Species_Epithet": "medius", "Subspecies": "", "Authority": "Temminck, 1825", "Scientific_Name_Full": "Pteropus medius Temminck, 1825", "Latitude": 23.822346, "Longitude": 90.36542, "Country": "Bangladesh", "Country_Code": "BD", "Year_Collected": 2022.0, "GBIF_Citation": "GBIF.org (2026). GBIF Occurrence Download. Accessed via GBIF.org on 2026-04-02.", "Citation_Notes": "For publication use: Users should create a proper GBIF download with DOI at gbif.org for citeable reference. This dataset is for preliminary analysis only.", "GBIF_Species_URL": "https://www.gbif.org/species/search?q=Pteropus%20medius", "Record_Completeness": "Excellent", "Completeness_Notes": "coordinates_present; year_present; authority_present; country_present" }, "geometry": { "type": "Point", "coordinates": [ 90.36542, 23.822346 ] } },
{ "type": "Feature", "properties": { "Record_ID": "GBIF_BAT_0046", "Binomial": "Pteropus medius", "Genus": "Pteropus", "Species_Epithet": "medius", "Subspecies": "", "Authority": "Temminck, 1825", "Scientific_Name_Full": "Pteropus medius Temminck, 1825", "Latitude": 23.816799, "Longitude": 90.349175, "Country": "Bangladesh", "Country_Code": "BD", "Year_Collected": 2023.0, "GBIF_Citation": "GBIF.org (2026). GBIF Occurrence Download. Accessed via GBIF.org on 2026-04-02.", "Citation_Notes": "For publication use: Users should create a proper GBIF download with DOI at gbif.org for citeable reference. This dataset is for preliminary analysis only.", "GBIF_Species_URL": "https://www.gbif.org/species/search?q=Pteropus%20medius", "Record_Completeness": "Excellent", "Completeness_Notes": "coordinates_present; year_present; authority_present; country_present" }, "geometry": { "type": "Point", "coordinates": [ 90.349175, 23.816799 ] } },
{ "type": "Feature", "properties": { "Record_ID": "GBIF_BAT_0047", "Binomial": "Pteropus medius", "Genus": "Pteropus", "Species_Epithet": "medius", "Subspecies": "", "Authority": "Temminck, 1825", "Scientific_Name_Full": "Pteropus medius Temminck, 1825", "Latitude": 23.751915, "Longitude": 90.425774, "Country": "Bangladesh", "Country_Code": "BD", "Year_Collected": 2023.0, "GBIF_Citation": "GBIF.org (2026). GBIF Occurrence Download. Accessed via GBIF.org on 2026-04-02.", "Citation_Notes": "For publication use: Users should create a proper GBIF download with DOI at gbif.org for citeable reference. This dataset is for preliminary analysis only.", "GBIF_Species_URL": "https://www.gbif.org/species/search?q=Pteropus%20medius", "Record_Completeness": "Excellent", "Completeness_Notes": "coordinates_present; year_present; authority_present; country_present" }, "geometry": { "type": "Point", "coordinates": [ 90.425774, 23.751915 ] } },
{ "type": "Feature", "properties": { "Record_ID": "GBIF_BAT_0048", "Binomial": "Pteropus medius", "Genus": "Pteropus", "Species_Epithet": "medius", "Subspecies": "", "Authority": "Temminck, 1825", "Scientific_Name_Full": "Pteropus medius Temminck, 1825", "Latitude": 23.381309, "Longitude": 91.275166, "Country": "Bangladesh", "Country_Code": "BD", "Year_Collected": 2023.0, "GBIF_Citation": "GBIF.org (2026). GBIF Occurrence Download. Accessed via GBIF.org on 2026-04-02.", "Citation_Notes": "For publication use: Users should create a proper GBIF download with DOI at gbif.org for citeable reference. This dataset is for preliminary analysis only.", "GBIF_Species_URL": "https://www.gbif.org/species/search?q=Pteropus%20medius", "Record_Completeness": "Excellent", "Completeness_Notes": "coordinates_present; year_present; authority_present; country_present" }, "geometry": { "type": "Point", "coordinates": [ 91.275166, 23.381309 ] } },
{ "type": "Feature", "properties": { "Record_ID": "GBIF_BAT_0049", "Binomial": "Pteropus medius", "Genus": "Pteropus", "Species_Epithet": "medius", "Subspecies": "", "Authority": "Temminck, 1825", "Scientific_Name_Full": "Pteropus medius Temminck, 1825", "Latitude": 23.738034, "Longitude": 90.401269, "Country": "Bangladesh", "Country_Code": "BD", "Year_Collected": 2023.0, "GBIF_Citation": "GBIF.org (2026). GBIF Occurrence Download. Accessed via GBIF.org on 2026-04-02.", "Citation_Notes": "For publication use: Users should create a proper GBIF download with DOI at gbif.org for citeable reference. This dataset is for preliminary analysis only.", "GBIF_Species_URL": "https://www.gbif.org/species/search?q=Pteropus%20medius", "Record_Completeness": "Excellent", "Completeness_Notes": "coordinates_present; year_present; authority_present; country_present" }, "geometry": { "type": "Point", "coordinates": [ 90.401269, 23.738034 ] } },
{ "type": "Feature", "properties": { "Record_ID": "GBIF_BAT_0050", "Binomial": "Pteropus medius", "Genus": "Pteropus", "Species_Epithet": "medius", "Subspecies": "", "Authority": "Temminck, 1825", "Scientific_Name_Full": "Pteropus medius Temminck, 1825", "Latitude": 22.425955, "Longitude": 89.450097, "Country": "Bangladesh", "Country_Code": "BD", "Year_Collected": 2023.0, "GBIF_Citation": "GBIF.org (2026). GBIF Occurrence Download. Accessed via GBIF.org on 2026-04-02.", "Citation_Notes": "For publication use: Users should create a proper GBIF download with DOI at gbif.org for citeable reference. This dataset is for preliminary analysis only.", "GBIF_Species_URL": "https://www.gbif.org/species/search?q=Pteropus%20medius", "Record_Completeness": "Excellent", "Completeness_Notes": "coordinates_present; year_present; authority_present; country_present" }, "geometry": { "type": "Point", "coordinates": [ 89.450097, 22.425955 ] } },
{ "type": "Feature", "properties": { "Record_ID": "GBIF_BAT_0051", "Binomial": "Pteropus medius", "Genus": "Pteropus", "Species_Epithet": "medius", "Subspecies": "", "Authority": "Temminck, 1825", "Scientific_Name_Full": "Pteropus medius Temminck, 1825", "Latitude": 23.80175, "Longitude": 90.410991, "Country": "Bangladesh", "Country_Code": "BD", "Year_Collected": 2023.0, "GBIF_Citation": "GBIF.org (2026). GBIF Occurrence Download. Accessed via GBIF.org on 2026-04-02.", "Citation_Notes": "For publication use: Users should create a proper GBIF download with DOI at gbif.org for citeable reference. This dataset is for preliminary analysis only.", "GBIF_Species_URL": "https://www.gbif.org/species/search?q=Pteropus%20medius", "Record_Completeness": "Excellent", "Completeness_Notes": "coordinates_present; year_present; authority_present; country_present" }, "geometry": { "type": "Point", "coordinates": [ 90.410991, 23.80175 ] } },
{ "type": "Feature", "properties": { "Record_ID": "GBIF_BAT_0052", "Binomial": "Pteropus medius", "Genus": "Pteropus", "Species_Epithet": "medius", "Subspecies": "", "Authority": "Temminck, 1825", "Scientific_Name_Full": "Pteropus medius Temminck, 1825", "Latitude": 24.913588, "Longitude": 91.802023, "Country": "Bangladesh", "Country_Code": "BD", "Year_Collected": 2023.0, "GBIF_Citation": "GBIF.org (2026). GBIF Occurrence Download. Accessed via GBIF.org on 2026-04-02.", "Citation_Notes": "For publication use: Users should create a proper GBIF download with DOI at gbif.org for citeable reference. This dataset is for preliminary analysis only.", "GBIF_Species_URL": "https://www.gbif.org/species/search?q=Pteropus%20medius", "Record_Completeness": "Excellent", "Completeness_Notes": "coordinates_present; year_present; authority_present; country_present" }, "geometry": { "type": "Point", "coordinates": [ 91.802023, 24.913588 ] } },
{ "type": "Feature", "properties": { "Record_ID": "GBIF_BAT_0053", "Binomial": "Pteropus medius", "Genus": "Pteropus", "Species_Epithet": "medius", "Subspecies": "", "Authority": "Temminck, 1825", "Scientific_Name_Full": "Pteropus medius Temminck, 1825", "Latitude": 24.017408, "Longitude": 90.334087, "Country": "Bangladesh", "Country_Code": "BD", "Year_Collected": 2023.0, "GBIF_Citation": "GBIF.org (2026). GBIF Occurrence Download. Accessed via GBIF.org on 2026-04-02.", "Citation_Notes": "For publication use: Users should create a proper GBIF download with DOI at gbif.org for citeable reference. This dataset is for preliminary analysis only.", "GBIF_Species_URL": "https://www.gbif.org/species/search?q=Pteropus%20medius", "Record_Completeness": "Excellent", "Completeness_Notes": "coordinates_present; year_present; authority_present; country_present" }, "geometry": { "type": "Point", "coordinates": [ 90.334087, 24.017408 ] } },
{ "type": "Feature", "properties": { "Record_ID": "GBIF_BAT_0054", "Binomial": "Pteropus medius", "Genus": "Pteropus", "Species_Epithet": "medius", "Subspecies": "", "Authority": "Temminck, 1825", "Scientific_Name_Full": "Pteropus medius Temminck, 1825", "Latitude": 22.501526, "Longitude": 91.809692, "Country": "Bangladesh", "Country_Code": "BD", "Year_Collected": 2024.0, "GBIF_Citation": "GBIF.org (2026). GBIF Occurrence Download. Accessed via GBIF.org on 2026-04-02.", "Citation_Notes": "For publication use: Users should create a proper GBIF download with DOI at gbif.org for citeable reference. This dataset is for preliminary analysis only.", "GBIF_Species_URL": "https://www.gbif.org/species/search?q=Pteropus%20medius", "Record_Completeness": "Excellent", "Completeness_Notes": "coordinates_present; year_present; authority_present; country_present" }, "geometry": { "type": "Point", "coordinates": [ 91.809692, 22.501526 ] } },
{ "type": "Feature", "properties": { "Record_ID": "GBIF_BAT_0055", "Binomial": "Pteropus medius", "Genus": "Pteropus", "Species_Epithet": "medius", "Subspecies": "", "Authority": "Temminck, 1825", "Scientific_Name_Full": "Pteropus medius Temminck, 1825", "Latitude": 23.738982, "Longitude": 90.399855, "Country": "Bangladesh", "Country_Code": "BD", "Year_Collected": 2024.0, "GBIF_Citation": "GBIF.org (2026). GBIF Occurrence Download. Accessed via GBIF.org on 2026-04-02.", "Citation_Notes": "For publication use: Users should create a proper GBIF download with DOI at gbif.org for citeable reference. This dataset is for preliminary analysis only.", "GBIF_Species_URL": "https://www.gbif.org/species/search?q=Pteropus%20medius", "Record_Completeness": "Excellent", "Completeness_Notes": "coordinates_present; year_present; authority_present; country_present" }, "geometry": { "type": "Point", "coordinates": [ 90.399855, 23.738982 ] } },
{ "type": "Feature", "properties": { "Record_ID": "GBIF_BAT_0056", "Binomial": "Pteropus medius", "Genus": "Pteropus", "Species_Epithet": "medius", "Subspecies": "", "Authority": "Temminck, 1825", "Scientific_Name_Full": "Pteropus medius Temminck, 1825", "Latitude": 23.734662, "Longitude": 90.391517, "Country": "Bangladesh", "Country_Code": "BD", "Year_Collected": 2024.0, "GBIF_Citation": "GBIF.org (2026). GBIF Occurrence Download. Accessed via GBIF.org on 2026-04-02.", "Citation_Notes": "For publication use: Users should create a proper GBIF download with DOI at gbif.org for citeable reference. This dataset is for preliminary analysis only.", "GBIF_Species_URL": "https://www.gbif.org/species/search?q=Pteropus%20medius", "Record_Completeness": "Excellent", "Completeness_Notes": "coordinates_present; year_present; authority_present; country_present" }, "geometry": { "type": "Point", "coordinates": [ 90.391517, 23.734662 ] } },
{ "type": "Feature", "properties": { "Record_ID": "GBIF_BAT_0057", "Binomial": "Pteropus medius", "Genus": "Pteropus", "Species_Epithet": "medius", "Subspecies": "", "Authority": "Temminck, 1825", "Scientific_Name_Full": "Pteropus medius Temminck, 1825", "Latitude": 22.456778, "Longitude": 89.582647, "Country": "Bangladesh", "Country_Code": "BD", "Year_Collected": 2024.0, "GBIF_Citation": "GBIF.org (2026). GBIF Occurrence Download. Accessed via GBIF.org on 2026-04-02.", "Citation_Notes": "For publication use: Users should create a proper GBIF download with DOI at gbif.org for citeable reference. This dataset is for preliminary analysis only.", "GBIF_Species_URL": "https://www.gbif.org/species/search?q=Pteropus%20medius", "Record_Completeness": "Excellent", "Completeness_Notes": "coordinates_present; year_present; authority_present; country_present" }, "geometry": { "type": "Point", "coordinates": [ 89.582647, 22.456778 ] } },
{ "type": "Feature", "properties": { "Record_ID": "GBIF_BAT_0058", "Binomial": "Pteropus medius", "Genus": "Pteropus", "Species_Epithet": "medius", "Subspecies": "", "Authority": "Temminck, 1825", "Scientific_Name_Full": "Pteropus medius Temminck, 1825", "Latitude": 23.821194, "Longitude": 90.347067, "Country": "Bangladesh", "Country_Code": "BD", "Year_Collected": 2025.0, "GBIF_Citation": "GBIF.org (2026). GBIF Occurrence Download. Accessed via GBIF.org on 2026-04-02.", "Citation_Notes": "For publication use: Users should create a proper GBIF download with DOI at gbif.org for citeable reference. This dataset is for preliminary analysis only.", "GBIF_Species_URL": "https://www.gbif.org/species/search?q=Pteropus%20medius", "Record_Completeness": "Excellent", "Completeness_Notes": "coordinates_present; year_present; authority_present; country_present" }, "geometry": { "type": "Point", "coordinates": [ 90.347067, 23.821194 ] } },
{ "type": "Feature", "properties": { "Record_ID": "GBIF_BAT_0059", "Binomial": "Pteropus medius", "Genus": "Pteropus", "Species_Epithet": "medius", "Subspecies": "", "Authority": "Temminck, 1825", "Scientific_Name_Full": "Pteropus medius Temminck, 1825", "Latitude": 24.461555, "Longitude": 89.705344, "Country": "Bangladesh", "Country_Code": "BD", "Year_Collected": 2025.0, "GBIF_Citation": "GBIF.org (2026). GBIF Occurrence Download. Accessed via GBIF.org on 2026-04-02.", "Citation_Notes": "For publication use: Users should create a proper GBIF download with DOI at gbif.org for citeable reference. This dataset is for preliminary analysis only.", "GBIF_Species_URL": "https://www.gbif.org/species/search?q=Pteropus%20medius", "Record_Completeness": "Excellent", "Completeness_Notes": "coordinates_present; year_present; authority_present; country_present" }, "geometry": { "type": "Point", "coordinates": [ 89.705344, 24.461555 ] } },
{ "type": "Feature", "properties": { "Record_ID": "GBIF_BAT_0060", "Binomial": "Pteropus medius", "Genus": "Pteropus", "Species_Epithet": "medius", "Subspecies": "", "Authority": "Temminck, 1825", "Scientific_Name_Full": "Pteropus medius Temminck, 1825", "Latitude": 22.53, "Longitude": 88.37, "Country": "India", "Country_Code": "IN", "Year_Collected": 1945.0, "GBIF_Citation": "GBIF.org (2026). GBIF Occurrence Download. Accessed via GBIF.org on 2026-04-02.", "Citation_Notes": "For publication use: Users should create a proper GBIF download with DOI at gbif.org for citeable reference. This dataset is for preliminary analysis only.", "GBIF_Species_URL": "https://www.gbif.org/species/search?q=Pteropus%20medius", "Record_Completeness": "Excellent", "Completeness_Notes": "coordinates_present; year_present; authority_present; country_present" }, "geometry": { "type": "Point", "coordinates": [ 88.37, 22.53 ] } },
{ "type": "Feature", "properties": { "Record_ID": "GBIF_BAT_0061", "Binomial": "Pteropus medius", "Genus": "Pteropus", "Species_Epithet": "medius", "Subspecies": "", "Authority": "Temminck, 1825", "Scientific_Name_Full": "Pteropus medius Temminck, 1825", "Latitude": 26.133329, "Longitude": 91.5, "Country": "India", "Country_Code": "IN", "Year_Collected": 1951.0, "GBIF_Citation": "GBIF.org (2026). GBIF Occurrence Download. Accessed via GBIF.org on 2026-04-02.", "Citation_Notes": "For publication use: Users should create a proper GBIF download with DOI at gbif.org for citeable reference. This dataset is for preliminary analysis only.", "GBIF_Species_URL": "https://www.gbif.org/species/search?q=Pteropus%20medius", "Record_Completeness": "Excellent", "Completeness_Notes": "coordinates_present; year_present; authority_present; country_present" }, "geometry": { "type": "Point", "coordinates": [ 91.5, 26.133329 ] } },
{ "type": "Feature", "properties": { "Record_ID": "GBIF_BAT_0062", "Binomial": "Pteropus medius", "Genus": "Pteropus", "Species_Epithet": "medius", "Subspecies": "", "Authority": "Temminck, 1825", "Scientific_Name_Full": "Pteropus medius Temminck, 1825", "Latitude": 25.66667, "Longitude": 91.900002, "Country": "India", "Country_Code": "IN", "Year_Collected": 1951.0, "GBIF_Citation": "GBIF.org (2026). GBIF Occurrence Download. Accessed via GBIF.org on 2026-04-02.", "Citation_Notes": "For publication use: Users should create a proper GBIF download with DOI at gbif.org for citeable reference. This dataset is for preliminary analysis only.", "GBIF_Species_URL": "https://www.gbif.org/species/search?q=Pteropus%20medius", "Record_Completeness": "Excellent", "Completeness_Notes": "coordinates_present; year_present; authority_present; country_present" }, "geometry": { "type": "Point", "coordinates": [ 91.900002, 25.66667 ] } },
{ "type": "Feature", "properties": { "Record_ID": "GBIF_BAT_0063", "Binomial": "Pteropus medius", "Genus": "Pteropus", "Species_Epithet": "medius", "Subspecies": "", "Authority": "Temminck, 1825", "Scientific_Name_Full": "Pteropus medius Temminck, 1825", "Latitude": 25.466669, "Longitude": 91.76667, "Country": "India", "Country_Code": "IN", "Year_Collected": 1953.0, "GBIF_Citation": "GBIF.org (2026). GBIF Occurrence Download. Accessed via GBIF.org on 2026-04-02.", "Citation_Notes": "For publication use: Users should create a proper GBIF download with DOI at gbif.org for citeable reference. This dataset is for preliminary analysis only.", "GBIF_Species_URL": "https://www.gbif.org/species/search?q=Pteropus%20medius", "Record_Completeness": "Excellent", "Completeness_Notes": "coordinates_present; year_present; authority_present; country_present" }, "geometry": { "type": "Point", "coordinates": [ 91.76667, 25.466669 ] } },
{ "type": "Feature", "properties": { "Record_ID": "GBIF_BAT_0064", "Binomial": "Pteropus medius", "Genus": "Pteropus", "Species_Epithet": "medius", "Subspecies": "", "Authority": "Temminck, 1825", "Scientific_Name_Full": "Pteropus medius Temminck, 1825", "Latitude": 9.626965, "Longitude": 76.427747, "Country": "India", "Country_Code": "IN", "Year_Collected": 2002.0, "GBIF_Citation": "GBIF.org (2026). GBIF Occurrence Download. Accessed via GBIF.org on 2026-04-02.", "Citation_Notes": "For publication use: Users should create a proper GBIF download with DOI at gbif.org for citeable reference. This dataset is for preliminary analysis only.", "GBIF_Species_URL": "https://www.gbif.org/species/search?q=Pteropus%20medius", "Record_Completeness": "Excellent", "Completeness_Notes": "coordinates_present; year_present; authority_present; country_present" }, "geometry": { "type": "Point", "coordinates": [ 76.427747, 9.626965 ] } },
{ "type": "Feature", "properties": { "Record_ID": "GBIF_BAT_0065", "Binomial": "Pteropus medius", "Genus": "Pteropus", "Species_Epithet": "medius", "Subspecies": "", "Authority": "Temminck, 1825", "Scientific_Name_Full": "Pteropus medius Temminck, 1825", "Latitude": 26.189159, "Longitude": 91.74502, "Country": "India", "Country_Code": "IN", "Year_Collected": 2005.0, "GBIF_Citation": "GBIF.org (2026). GBIF Occurrence Download. Accessed via GBIF.org on 2026-04-02.", "Citation_Notes": "For publication use: Users should create a proper GBIF download with DOI at gbif.org for citeable reference. This dataset is for preliminary analysis only.", "GBIF_Species_URL": "https://www.gbif.org/species/search?q=Pteropus%20medius", "Record_Completeness": "Excellent", "Completeness_Notes": "coordinates_present; year_present; authority_present; country_present" }, "geometry": { "type": "Point", "coordinates": [ 91.74502, 26.189159 ] } },
{ "type": "Feature", "properties": { "Record_ID": "GBIF_BAT_0066", "Binomial": "Pteropus medius", "Genus": "Pteropus", "Species_Epithet": "medius", "Subspecies": "", "Authority": "Temminck, 1825", "Scientific_Name_Full": "Pteropus medius Temminck, 1825", "Latitude": 11.016845, "Longitude": 76.955832, "Country": "India", "Country_Code": "IN", "Year_Collected": 2006.0, "GBIF_Citation": "GBIF.org (2026). GBIF Occurrence Download. Accessed via GBIF.org on 2026-04-02.", "Citation_Notes": "For publication use: Users should create a proper GBIF download with DOI at gbif.org for citeable reference. This dataset is for preliminary analysis only.", "GBIF_Species_URL": "https://www.gbif.org/species/search?q=Pteropus%20medius", "Record_Completeness": "Excellent", "Completeness_Notes": "coordinates_present; year_present; authority_present; country_present" }, "geometry": { "type": "Point", "coordinates": [ 76.955832, 11.016845 ] } },
{ "type": "Feature", "properties": { "Record_ID": "GBIF_BAT_0067", "Binomial": "Pteropus medius", "Genus": "Pteropus", "Species_Epithet": "medius", "Subspecies": "", "Authority": "Temminck, 1825", "Scientific_Name_Full": "Pteropus medius Temminck, 1825", "Latitude": 9.6306, "Longitude": 76.4212, "Country": "India", "Country_Code": "IN", "Year_Collected": 2006.0, "GBIF_Citation": "GBIF.org (2026). GBIF Occurrence Download. Accessed via GBIF.org on 2026-04-02.", "Citation_Notes": "For publication use: Users should create a proper GBIF download with DOI at gbif.org for citeable reference. This dataset is for preliminary analysis only.", "GBIF_Species_URL": "https://www.gbif.org/species/search?q=Pteropus%20medius", "Record_Completeness": "Excellent", "Completeness_Notes": "coordinates_present; year_present; authority_present; country_present" }, "geometry": { "type": "Point", "coordinates": [ 76.4212, 9.6306 ] } },
{ "type": "Feature", "properties": { "Record_ID": "GBIF_BAT_0068", "Binomial": "Pteropus medius", "Genus": "Pteropus", "Species_Epithet": "medius", "Subspecies": "", "Authority": "Temminck, 1825", "Scientific_Name_Full": "Pteropus medius Temminck, 1825", "Latitude": 26.347575, "Longitude": 92.688904, "Country": "India", "Country_Code": "IN", "Year_Collected": 2006.0, "GBIF_Citation": "GBIF.org (2026). GBIF Occurrence Download. Accessed via GBIF.org on 2026-04-02.", "Citation_Notes": "For publication use: Users should create a proper GBIF download with DOI at gbif.org for citeable reference. This dataset is for preliminary analysis only.", "GBIF_Species_URL": "https://www.gbif.org/species/search?q=Pteropus%20medius", "Record_Completeness": "Excellent", "Completeness_Notes": "coordinates_present; year_present; authority_present; country_present" }, "geometry": { "type": "Point", "coordinates": [ 92.688904, 26.347575 ] } },
{ "type": "Feature", "properties": { "Record_ID": "GBIF_BAT_0069", "Binomial": "Pteropus medius", "Genus": "Pteropus", "Species_Epithet": "medius", "Subspecies": "", "Authority": "Temminck, 1825", "Scientific_Name_Full": "Pteropus medius Temminck, 1825", "Latitude": 9.626308, "Longitude": 76.424204, "Country": "India", "Country_Code": "IN", "Year_Collected": 2007.0, "GBIF_Citation": "GBIF.org (2026). GBIF Occurrence Download. Accessed via GBIF.org on 2026-04-02.", "Citation_Notes": "For publication use: Users should create a proper GBIF download with DOI at gbif.org for citeable reference. This dataset is for preliminary analysis only.", "GBIF_Species_URL": "https://www.gbif.org/species/search?q=Pteropus%20medius", "Record_Completeness": "Excellent", "Completeness_Notes": "coordinates_present; year_present; authority_present; country_present" }, "geometry": { "type": "Point", "coordinates": [ 76.424204, 9.626308 ] } },
{ "type": "Feature", "properties": { "Record_ID": "GBIF_BAT_0070", "Binomial": "Pteropus medius", "Genus": "Pteropus", "Species_Epithet": "medius", "Subspecies": "", "Authority": "Temminck, 1825", "Scientific_Name_Full": "Pteropus medius Temminck, 1825", "Latitude": 9.511231, "Longitude": 76.350831, "Country": "India", "Country_Code": "IN", "Year_Collected": 2009.0, "GBIF_Citation": "GBIF.org (2026). GBIF Occurrence Download. Accessed via GBIF.org on 2026-04-02.", "Citation_Notes": "For publication use: Users should create a proper GBIF download with DOI at gbif.org for citeable reference. This dataset is for preliminary analysis only.", "GBIF_Species_URL": "https://www.gbif.org/species/search?q=Pteropus%20medius", "Record_Completeness": "Excellent", "Completeness_Notes": "coordinates_present; year_present; authority_present; country_present" }, "geometry": { "type": "Point", "coordinates": [ 76.350831, 9.511231 ] } },
{ "type": "Feature", "properties": { "Record_ID": "GBIF_BAT_0071", "Binomial": "Pteropus medius", "Genus": "Pteropus", "Species_Epithet": "medius", "Subspecies": "", "Authority": "Temminck, 1825", "Scientific_Name_Full": "Pteropus medius Temminck, 1825", "Latitude": 9.017612, "Longitude": 76.926094, "Country": "India", "Country_Code": "IN", "Year_Collected": 2010.0, "GBIF_Citation": "GBIF.org (2026). GBIF Occurrence Download. Accessed via GBIF.org on 2026-04-02.", "Citation_Notes": "For publication use: Users should create a proper GBIF download with DOI at gbif.org for citeable reference. This dataset is for preliminary analysis only.", "GBIF_Species_URL": "https://www.gbif.org/species/search?q=Pteropus%20medius", "Record_Completeness": "Excellent", "Completeness_Notes": "coordinates_present; year_present; authority_present; country_present" }, "geometry": { "type": "Point", "coordinates": [ 76.926094, 9.017612 ] } },
{ "type": "Feature", "properties": { "Record_ID": "GBIF_BAT_0072", "Binomial": "Pteropus medius", "Genus": "Pteropus", "Species_Epithet": "medius", "Subspecies": "", "Authority": "Temminck, 1825", "Scientific_Name_Full": "Pteropus medius Temminck, 1825", "Latitude": 9.001848, "Longitude": 76.878582, "Country": "India", "Country_Code": "IN", "Year_Collected": 2010.0, "GBIF_Citation": "GBIF.org (2026). GBIF Occurrence Download. Accessed via GBIF.org on 2026-04-02.", "Citation_Notes": "For publication use: Users should create a proper GBIF download with DOI at gbif.org for citeable reference. This dataset is for preliminary analysis only.", "GBIF_Species_URL": "https://www.gbif.org/species/search?q=Pteropus%20medius", "Record_Completeness": "Excellent", "Completeness_Notes": "coordinates_present; year_present; authority_present; country_present" }, "geometry": { "type": "Point", "coordinates": [ 76.878582, 9.001848 ] } },
{ "type": "Feature", "properties": { "Record_ID": "GBIF_BAT_0073", "Binomial": "Pteropus medius", "Genus": "Pteropus", "Species_Epithet": "medius", "Subspecies": "", "Authority": "Temminck, 1825", "Scientific_Name_Full": "Pteropus medius Temminck, 1825", "Latitude": 9.987141, "Longitude": 76.273591, "Country": "India", "Country_Code": "IN", "Year_Collected": 2011.0, "GBIF_Citation": "GBIF.org (2026). GBIF Occurrence Download. Accessed via GBIF.org on 2026-04-02.", "Citation_Notes": "For publication use: Users should create a proper GBIF download with DOI at gbif.org for citeable reference. This dataset is for preliminary analysis only.", "GBIF_Species_URL": "https://www.gbif.org/species/search?q=Pteropus%20medius", "Record_Completeness": "Excellent", "Completeness_Notes": "coordinates_present; year_present; authority_present; country_present" }, "geometry": { "type": "Point", "coordinates": [ 76.273591, 9.987141 ] } },
{ "type": "Feature", "properties": { "Record_ID": "GBIF_BAT_0074", "Binomial": "Pteropus medius", "Genus": "Pteropus", "Species_Epithet": "medius", "Subspecies": "", "Authority": "Temminck, 1825", "Scientific_Name_Full": "Pteropus medius Temminck, 1825", "Latitude": 8.511865, "Longitude": 76.954374, "Country": "India", "Country_Code": "IN", "Year_Collected": 2012.0, "GBIF_Citation": "GBIF.org (2026). GBIF Occurrence Download. Accessed via GBIF.org on 2026-04-02.", "Citation_Notes": "For publication use: Users should create a proper GBIF download with DOI at gbif.org for citeable reference. This dataset is for preliminary analysis only.", "GBIF_Species_URL": "https://www.gbif.org/species/search?q=Pteropus%20medius", "Record_Completeness": "Excellent", "Completeness_Notes": "coordinates_present; year_present; authority_present; country_present" }, "geometry": { "type": "Point", "coordinates": [ 76.954374, 8.511865 ] } },
{ "type": "Feature", "properties": { "Record_ID": "GBIF_BAT_0075", "Binomial": "Pteropus medius", "Genus": "Pteropus", "Species_Epithet": "medius", "Subspecies": "", "Authority": "Temminck, 1825", "Scientific_Name_Full": "Pteropus medius Temminck, 1825", "Latitude": 9.462155, "Longitude": 77.236847, "Country": "India", "Country_Code": "IN", "Year_Collected": 2012.0, "GBIF_Citation": "GBIF.org (2026). GBIF Occurrence Download. Accessed via GBIF.org on 2026-04-02.", "Citation_Notes": "For publication use: Users should create a proper GBIF download with DOI at gbif.org for citeable reference. This dataset is for preliminary analysis only.", "GBIF_Species_URL": "https://www.gbif.org/species/search?q=Pteropus%20medius", "Record_Completeness": "Excellent", "Completeness_Notes": "coordinates_present; year_present; authority_present; country_present" }, "geometry": { "type": "Point", "coordinates": [ 77.236847, 9.462155 ] } },
{ "type": "Feature", "properties": { "Record_ID": "GBIF_BAT_0076", "Binomial": "Pteropus medius", "Genus": "Pteropus", "Species_Epithet": "medius", "Subspecies": "", "Authority": "Temminck, 1825", "Scientific_Name_Full": "Pteropus medius Temminck, 1825", "Latitude": 9.507888, "Longitude": 76.36391, "Country": "India", "Country_Code": "IN", "Year_Collected": 2012.0, "GBIF_Citation": "GBIF.org (2026). GBIF Occurrence Download. Accessed via GBIF.org on 2026-04-02.", "Citation_Notes": "For publication use: Users should create a proper GBIF download with DOI at gbif.org for citeable reference. This dataset is for preliminary analysis only.", "GBIF_Species_URL": "https://www.gbif.org/species/search?q=Pteropus%20medius", "Record_Completeness": "Excellent", "Completeness_Notes": "coordinates_present; year_present; authority_present; country_present" }, "geometry": { "type": "Point", "coordinates": [ 76.36391, 9.507888 ] } },
{ "type": "Feature", "properties": { "Record_ID": "GBIF_BAT_0077", "Binomial": "Pteropus medius", "Genus": "Pteropus", "Species_Epithet": "medius", "Subspecies": "", "Authority": "Temminck, 1825", "Scientific_Name_Full": "Pteropus medius Temminck, 1825", "Latitude": 9.518724, "Longitude": 76.369403, "Country": "India", "Country_Code": "IN", "Year_Collected": 2012.0, "GBIF_Citation": "GBIF.org (2026). GBIF Occurrence Download. Accessed via GBIF.org on 2026-04-02.", "Citation_Notes": "For publication use: Users should create a proper GBIF download with DOI at gbif.org for citeable reference. This dataset is for preliminary analysis only.", "GBIF_Species_URL": "https://www.gbif.org/species/search?q=Pteropus%20medius", "Record_Completeness": "Excellent", "Completeness_Notes": "coordinates_present; year_present; authority_present; country_present" }, "geometry": { "type": "Point", "coordinates": [ 76.369403, 9.518724 ] } },
{ "type": "Feature", "properties": { "Record_ID": "GBIF_BAT_0078", "Binomial": "Pteropus medius", "Genus": "Pteropus", "Species_Epithet": "medius", "Subspecies": "", "Authority": "Temminck, 1825", "Scientific_Name_Full": "Pteropus medius Temminck, 1825", "Latitude": 23.998761, "Longitude": 91.990972, "Country": "India", "Country_Code": "IN", "Year_Collected": 2013.0, "GBIF_Citation": "GBIF.org (2026). GBIF Occurrence Download. Accessed via GBIF.org on 2026-04-02.", "Citation_Notes": "For publication use: Users should create a proper GBIF download with DOI at gbif.org for citeable reference. This dataset is for preliminary analysis only.", "GBIF_Species_URL": "https://www.gbif.org/species/search?q=Pteropus%20medius", "Record_Completeness": "Excellent", "Completeness_Notes": "coordinates_present; year_present; authority_present; country_present" }, "geometry": { "type": "Point", "coordinates": [ 91.990972, 23.998761 ] } },
{ "type": "Feature", "properties": { "Record_ID": "GBIF_BAT_0079", "Binomial": "Pteropus medius", "Genus": "Pteropus", "Species_Epithet": "medius", "Subspecies": "", "Authority": "Temminck, 1825", "Scientific_Name_Full": "Pteropus medius Temminck, 1825", "Latitude": 10.193537, "Longitude": 76.52705, "Country": "India", "Country_Code": "IN", "Year_Collected": 2013.0, "GBIF_Citation": "GBIF.org (2026). GBIF Occurrence Download. Accessed via GBIF.org on 2026-04-02.", "Citation_Notes": "For publication use: Users should create a proper GBIF download with DOI at gbif.org for citeable reference. This dataset is for preliminary analysis only.", "GBIF_Species_URL": "https://www.gbif.org/species/search?q=Pteropus%20medius", "Record_Completeness": "Excellent", "Completeness_Notes": "coordinates_present; year_present; authority_present; country_present" }, "geometry": { "type": "Point", "coordinates": [ 76.52705, 10.193537 ] } },
{ "type": "Feature", "properties": { "Record_ID": "GBIF_BAT_0080", "Binomial": "Pteropus medius", "Genus": "Pteropus", "Species_Epithet": "medius", "Subspecies": "", "Authority": "Temminck, 1825", "Scientific_Name_Full": "Pteropus medius Temminck, 1825", "Latitude": 11.060357, "Longitude": 76.944796, "Country": "India", "Country_Code": "IN", "Year_Collected": 2013.0, "GBIF_Citation": "GBIF.org (2026). GBIF Occurrence Download. Accessed via GBIF.org on 2026-04-02.", "Citation_Notes": "For publication use: Users should create a proper GBIF download with DOI at gbif.org for citeable reference. This dataset is for preliminary analysis only.", "GBIF_Species_URL": "https://www.gbif.org/species/search?q=Pteropus%20medius", "Record_Completeness": "Excellent", "Completeness_Notes": "coordinates_present; year_present; authority_present; country_present" }, "geometry": { "type": "Point", "coordinates": [ 76.944796, 11.060357 ] } },
{ "type": "Feature", "properties": { "Record_ID": "GBIF_BAT_0081", "Binomial": "Pteropus medius", "Genus": "Pteropus", "Species_Epithet": "medius", "Subspecies": "", "Authority": "Temminck, 1825", "Scientific_Name_Full": "Pteropus medius Temminck, 1825", "Latitude": 9.602289, "Longitude": 77.169841, "Country": "India", "Country_Code": "IN", "Year_Collected": 2014.0, "GBIF_Citation": "GBIF.org (2026). GBIF Occurrence Download. Accessed via GBIF.org on 2026-04-02.", "Citation_Notes": "For publication use: Users should create a proper GBIF download with DOI at gbif.org for citeable reference. This dataset is for preliminary analysis only.", "GBIF_Species_URL": "https://www.gbif.org/species/search?q=Pteropus%20medius", "Record_Completeness": "Excellent", "Completeness_Notes": "coordinates_present; year_present; authority_present; country_present" }, "geometry": { "type": "Point", "coordinates": [ 77.169841, 9.602289 ] } },
{ "type": "Feature", "properties": { "Record_ID": "GBIF_BAT_0082", "Binomial": "Pteropus medius", "Genus": "Pteropus", "Species_Epithet": "medius", "Subspecies": "", "Authority": "Temminck, 1825", "Scientific_Name_Full": "Pteropus medius Temminck, 1825", "Latitude": 22.538948, "Longitude": 88.332537, "Country": "India", "Country_Code": "IN", "Year_Collected": 2014.0, "GBIF_Citation": "GBIF.org (2026). GBIF Occurrence Download. Accessed via GBIF.org on 2026-04-02.", "Citation_Notes": "For publication use: Users should create a proper GBIF download with DOI at gbif.org for citeable reference. This dataset is for preliminary analysis only.", "GBIF_Species_URL": "https://www.gbif.org/species/search?q=Pteropus%20medius", "Record_Completeness": "Excellent", "Completeness_Notes": "coordinates_present; year_present; authority_present; country_present" }, "geometry": { "type": "Point", "coordinates": [ 88.332537, 22.538948 ] } },
{ "type": "Feature", "properties": { "Record_ID": "GBIF_BAT_0083", "Binomial": "Pteropus medius", "Genus": "Pteropus", "Species_Epithet": "medius", "Subspecies": "", "Authority": "Temminck, 1825", "Scientific_Name_Full": "Pteropus medius Temminck, 1825", "Latitude": 23.693191, "Longitude": 88.022492, "Country": "India", "Country_Code": "IN", "Year_Collected": 2014.0, "GBIF_Citation": "GBIF.org (2026). GBIF Occurrence Download. Accessed via GBIF.org on 2026-04-02.", "Citation_Notes": "For publication use: Users should create a proper GBIF download with DOI at gbif.org for citeable reference. This dataset is for preliminary analysis only.", "GBIF_Species_URL": "https://www.gbif.org/species/search?q=Pteropus%20medius", "Record_Completeness": "Excellent", "Completeness_Notes": "coordinates_present; year_present; authority_present; country_present" }, "geometry": { "type": "Point", "coordinates": [ 88.022492, 23.693191 ] } },
{ "type": "Feature", "properties": { "Record_ID": "GBIF_BAT_0084", "Binomial": "Pteropus medius", "Genus": "Pteropus", "Species_Epithet": "medius", "Subspecies": "", "Authority": "Temminck, 1825", "Scientific_Name_Full": "Pteropus medius Temminck, 1825", "Latitude": 26.162511, "Longitude": 91.777954, "Country": "India", "Country_Code": "IN", "Year_Collected": 2015.0, "GBIF_Citation": "GBIF.org (2026). GBIF Occurrence Download. Accessed via GBIF.org on 2026-04-02.", "Citation_Notes": "For publication use: Users should create a proper GBIF download with DOI at gbif.org for citeable reference. This dataset is for preliminary analysis only.", "GBIF_Species_URL": "https://www.gbif.org/species/search?q=Pteropus%20medius", "Record_Completeness": "Excellent", "Completeness_Notes": "coordinates_present; year_present; authority_present; country_present" }, "geometry": { "type": "Point", "coordinates": [ 91.777954, 26.162511 ] } },
{ "type": "Feature", "properties": { "Record_ID": "GBIF_BAT_0085", "Binomial": "Pteropus medius", "Genus": "Pteropus", "Species_Epithet": "medius", "Subspecies": "", "Authority": "Temminck, 1825", "Scientific_Name_Full": "Pteropus medius Temminck, 1825", "Latitude": 9.631299, "Longitude": 76.42159, "Country": "India", "Country_Code": "IN", "Year_Collected": 2015.0, "GBIF_Citation": "GBIF.org (2026). GBIF Occurrence Download. Accessed via GBIF.org on 2026-04-02.", "Citation_Notes": "For publication use: Users should create a proper GBIF download with DOI at gbif.org for citeable reference. This dataset is for preliminary analysis only.", "GBIF_Species_URL": "https://www.gbif.org/species/search?q=Pteropus%20medius", "Record_Completeness": "Excellent", "Completeness_Notes": "coordinates_present; year_present; authority_present; country_present" }, "geometry": { "type": "Point", "coordinates": [ 76.42159, 9.631299 ] } },
{ "type": "Feature", "properties": { "Record_ID": "GBIF_BAT_0086", "Binomial": "Pteropus medius", "Genus": "Pteropus", "Species_Epithet": "medius", "Subspecies": "", "Authority": "Temminck, 1825", "Scientific_Name_Full": "Pteropus medius Temminck, 1825", "Latitude": 11.562277, "Longitude": 76.534522, "Country": "India", "Country_Code": "IN", "Year_Collected": 2015.0, "GBIF_Citation": "GBIF.org (2026). GBIF Occurrence Download. Accessed via GBIF.org on 2026-04-02.", "Citation_Notes": "For publication use: Users should create a proper GBIF download with DOI at gbif.org for citeable reference. This dataset is for preliminary analysis only.", "GBIF_Species_URL": "https://www.gbif.org/species/search?q=Pteropus%20medius", "Record_Completeness": "Excellent", "Completeness_Notes": "coordinates_present; year_present; authority_present; country_present" }, "geometry": { "type": "Point", "coordinates": [ 76.534522, 11.562277 ] } },
{ "type": "Feature", "properties": { "Record_ID": "GBIF_BAT_0087", "Binomial": "Pteropus medius", "Genus": "Pteropus", "Species_Epithet": "medius", "Subspecies": "", "Authority": "Temminck, 1825", "Scientific_Name_Full": "Pteropus medius Temminck, 1825", "Latitude": 9.520412, "Longitude": 76.417123, "Country": "India", "Country_Code": "IN", "Year_Collected": 2016.0, "GBIF_Citation": "GBIF.org (2026). GBIF Occurrence Download. Accessed via GBIF.org on 2026-04-02.", "Citation_Notes": "For publication use: Users should create a proper GBIF download with DOI at gbif.org for citeable reference. This dataset is for preliminary analysis only.", "GBIF_Species_URL": "https://www.gbif.org/species/search?q=Pteropus%20medius", "Record_Completeness": "Excellent", "Completeness_Notes": "coordinates_present; year_present; authority_present; country_present" }, "geometry": { "type": "Point", "coordinates": [ 76.417123, 9.520412 ] } },
{ "type": "Feature", "properties": { "Record_ID": "GBIF_BAT_0088", "Binomial": "Pteropus medius", "Genus": "Pteropus", "Species_Epithet": "medius", "Subspecies": "", "Authority": "Temminck, 1825", "Scientific_Name_Full": "Pteropus medius Temminck, 1825", "Latitude": 25.638107, "Longitude": 88.12021, "Country": "India", "Country_Code": "IN", "Year_Collected": 2017.0, "GBIF_Citation": "GBIF.org (2026). GBIF Occurrence Download. Accessed via GBIF.org on 2026-04-02.", "Citation_Notes": "For publication use: Users should create a proper GBIF download with DOI at gbif.org for citeable reference. This dataset is for preliminary analysis only.", "GBIF_Species_URL": "https://www.gbif.org/species/search?q=Pteropus%20medius", "Record_Completeness": "Excellent", "Completeness_Notes": "coordinates_present; year_present; authority_present; country_present" }, "geometry": { "type": "Point", "coordinates": [ 88.12021, 25.638107 ] } },
{ "type": "Feature", "properties": { "Record_ID": "GBIF_BAT_0089", "Binomial": "Pteropus medius", "Genus": "Pteropus", "Species_Epithet": "medius", "Subspecies": "", "Authority": "Temminck, 1825", "Scientific_Name_Full": "Pteropus medius Temminck, 1825", "Latitude": 9.604251, "Longitude": 77.166286, "Country": "India", "Country_Code": "IN", "Year_Collected": 2017.0, "GBIF_Citation": "GBIF.org (2026). GBIF Occurrence Download. Accessed via GBIF.org on 2026-04-02.", "Citation_Notes": "For publication use: Users should create a proper GBIF download with DOI at gbif.org for citeable reference. This dataset is for preliminary analysis only.", "GBIF_Species_URL": "https://www.gbif.org/species/search?q=Pteropus%20medius", "Record_Completeness": "Excellent", "Completeness_Notes": "coordinates_present; year_present; authority_present; country_present" }, "geometry": { "type": "Point", "coordinates": [ 77.166286, 9.604251 ] } },
{ "type": "Feature", "properties": { "Record_ID": "GBIF_BAT_0090", "Binomial": "Pteropus medius", "Genus": "Pteropus", "Species_Epithet": "medius", "Subspecies": "", "Authority": "Temminck, 1825", "Scientific_Name_Full": "Pteropus medius Temminck, 1825", "Latitude": 22.532127, "Longitude": 88.345564, "Country": "India", "Country_Code": "IN", "Year_Collected": 2017.0, "GBIF_Citation": "GBIF.org (2026). GBIF Occurrence Download. Accessed via GBIF.org on 2026-04-02.", "Citation_Notes": "For publication use: Users should create a proper GBIF download with DOI at gbif.org for citeable reference. This dataset is for preliminary analysis only.", "GBIF_Species_URL": "https://www.gbif.org/species/search?q=Pteropus%20medius", "Record_Completeness": "Excellent", "Completeness_Notes": "coordinates_present; year_present; authority_present; country_present" }, "geometry": { "type": "Point", "coordinates": [ 88.345564, 22.532127 ] } },
{ "type": "Feature", "properties": { "Record_ID": "GBIF_BAT_0091", "Binomial": "Pteropus medius", "Genus": "Pteropus", "Species_Epithet": "medius", "Subspecies": "", "Authority": "Temminck, 1825", "Scientific_Name_Full": "Pteropus medius Temminck, 1825", "Latitude": 9.57618, "Longitude": 76.43677, "Country": "India", "Country_Code": "IN", "Year_Collected": 2017.0, "GBIF_Citation": "GBIF.org (2026). GBIF Occurrence Download. Accessed via GBIF.org on 2026-04-02.", "Citation_Notes": "For publication use: Users should create a proper GBIF download with DOI at gbif.org for citeable reference. This dataset is for preliminary analysis only.", "GBIF_Species_URL": "https://www.gbif.org/species/search?q=Pteropus%20medius", "Record_Completeness": "Excellent", "Completeness_Notes": "coordinates_present; year_present; authority_present; country_present" }, "geometry": { "type": "Point", "coordinates": [ 76.43677, 9.57618 ] } },
{ "type": "Feature", "properties": { "Record_ID": "GBIF_BAT_0092", "Binomial": "Pteropus medius", "Genus": "Pteropus", "Species_Epithet": "medius", "Subspecies": "", "Authority": "Temminck, 1825", "Scientific_Name_Full": "Pteropus medius Temminck, 1825", "Latitude": 9.526861, "Longitude": 76.356797, "Country": "India", "Country_Code": "IN", "Year_Collected": 2017.0, "GBIF_Citation": "GBIF.org (2026). GBIF Occurrence Download. Accessed via GBIF.org on 2026-04-02.", "Citation_Notes": "For publication use: Users should create a proper GBIF download with DOI at gbif.org for citeable reference. This dataset is for preliminary analysis only.", "GBIF_Species_URL": "https://www.gbif.org/species/search?q=Pteropus%20medius", "Record_Completeness": "Excellent", "Completeness_Notes": "coordinates_present; year_present; authority_present; country_present" }, "geometry": { "type": "Point", "coordinates": [ 76.356797, 9.526861 ] } },
{ "type": "Feature", "properties": { "Record_ID": "GBIF_BAT_0093", "Binomial": "Pteropus medius", "Genus": "Pteropus", "Species_Epithet": "medius", "Subspecies": "", "Authority": "Temminck, 1825", "Scientific_Name_Full": "Pteropus medius Temminck, 1825", "Latitude": 10.192959, "Longitude": 76.522264, "Country": "India", "Country_Code": "IN", "Year_Collected": 2017.0, "GBIF_Citation": "GBIF.org (2026). GBIF Occurrence Download. Accessed via GBIF.org on 2026-04-02.", "Citation_Notes": "For publication use: Users should create a proper GBIF download with DOI at gbif.org for citeable reference. This dataset is for preliminary analysis only.", "GBIF_Species_URL": "https://www.gbif.org/species/search?q=Pteropus%20medius", "Record_Completeness": "Excellent", "Completeness_Notes": "coordinates_present; year_present; authority_present; country_present" }, "geometry": { "type": "Point", "coordinates": [ 76.522264, 10.192959 ] } },
{ "type": "Feature", "properties": { "Record_ID": "GBIF_BAT_0094", "Binomial": "Pteropus medius", "Genus": "Pteropus", "Species_Epithet": "medius", "Subspecies": "", "Authority": "Temminck, 1825", "Scientific_Name_Full": "Pteropus medius Temminck, 1825", "Latitude": 10.189822, "Longitude": 76.516112, "Country": "India", "Country_Code": "IN", "Year_Collected": 2018.0, "GBIF_Citation": "GBIF.org (2026). GBIF Occurrence Download. Accessed via GBIF.org on 2026-04-02.", "Citation_Notes": "For publication use: Users should create a proper GBIF download with DOI at gbif.org for citeable reference. This dataset is for preliminary analysis only.", "GBIF_Species_URL": "https://www.gbif.org/species/search?q=Pteropus%20medius", "Record_Completeness": "Excellent", "Completeness_Notes": "coordinates_present; year_present; authority_present; country_present" }, "geometry": { "type": "Point", "coordinates": [ 76.516112, 10.189822 ] } },
{ "type": "Feature", "properties": { "Record_ID": "GBIF_BAT_0095", "Binomial": "Pteropus medius", "Genus": "Pteropus", "Species_Epithet": "medius", "Subspecies": "", "Authority": "Temminck, 1825", "Scientific_Name_Full": "Pteropus medius Temminck, 1825", "Latitude": 26.582468, "Longitude": 93.40373, "Country": "India", "Country_Code": "IN", "Year_Collected": 2018.0, "GBIF_Citation": "GBIF.org (2026). GBIF Occurrence Download. Accessed via GBIF.org on 2026-04-02.", "Citation_Notes": "For publication use: Users should create a proper GBIF download with DOI at gbif.org for citeable reference. This dataset is for preliminary analysis only.", "GBIF_Species_URL": "https://www.gbif.org/species/search?q=Pteropus%20medius", "Record_Completeness": "Excellent", "Completeness_Notes": "coordinates_present; year_present; authority_present; country_present" }, "geometry": { "type": "Point", "coordinates": [ 93.40373, 26.582468 ] } },
{ "type": "Feature", "properties": { "Record_ID": "GBIF_BAT_0096", "Binomial": "Pteropus medius", "Genus": "Pteropus", "Species_Epithet": "medius", "Subspecies": "", "Authority": "Temminck, 1825", "Scientific_Name_Full": "Pteropus medius Temminck, 1825", "Latitude": 26.197917, "Longitude": 91.759895, "Country": "India", "Country_Code": "IN", "Year_Collected": 2018.0, "GBIF_Citation": "GBIF.org (2026). GBIF Occurrence Download. Accessed via GBIF.org on 2026-04-02.", "Citation_Notes": "For publication use: Users should create a proper GBIF download with DOI at gbif.org for citeable reference. This dataset is for preliminary analysis only.", "GBIF_Species_URL": "https://www.gbif.org/species/search?q=Pteropus%20medius", "Record_Completeness": "Excellent", "Completeness_Notes": "coordinates_present; year_present; authority_present; country_present" }, "geometry": { "type": "Point", "coordinates": [ 91.759895, 26.197917 ] } },
{ "type": "Feature", "properties": { "Record_ID": "GBIF_BAT_0097", "Binomial": "Pteropus medius", "Genus": "Pteropus", "Species_Epithet": "medius", "Subspecies": "", "Authority": "Temminck, 1825", "Scientific_Name_Full": "Pteropus medius Temminck, 1825", "Latitude": 26.186938, "Longitude": 91.751544, "Country": "India", "Country_Code": "IN", "Year_Collected": 2018.0, "GBIF_Citation": "GBIF.org (2026). GBIF Occurrence Download. Accessed via GBIF.org on 2026-04-02.", "Citation_Notes": "For publication use: Users should create a proper GBIF download with DOI at gbif.org for citeable reference. This dataset is for preliminary analysis only.", "GBIF_Species_URL": "https://www.gbif.org/species/search?q=Pteropus%20medius", "Record_Completeness": "Excellent", "Completeness_Notes": "coordinates_present; year_present; authority_present; country_present" }, "geometry": { "type": "Point", "coordinates": [ 91.751544, 26.186938 ] } },
{ "type": "Feature", "properties": { "Record_ID": "GBIF_BAT_0098", "Binomial": "Pteropus medius", "Genus": "Pteropus", "Species_Epithet": "medius", "Subspecies": "", "Authority": "Temminck, 1825", "Scientific_Name_Full": "Pteropus medius Temminck, 1825", "Latitude": 22.4242, "Longitude": 88.2874, "Country": "India", "Country_Code": "IN", "Year_Collected": 2018.0, "GBIF_Citation": "GBIF.org (2026). GBIF Occurrence Download. Accessed via GBIF.org on 2026-04-02.", "Citation_Notes": "For publication use: Users should create a proper GBIF download with DOI at gbif.org for citeable reference. This dataset is for preliminary analysis only.", "GBIF_Species_URL": "https://www.gbif.org/species/search?q=Pteropus%20medius", "Record_Completeness": "Excellent", "Completeness_Notes": "coordinates_present; year_present; authority_present; country_present" }, "geometry": { "type": "Point", "coordinates": [ 88.2874, 22.4242 ] } },
{ "type": "Feature", "properties": { "Record_ID": "GBIF_BAT_0099", "Binomial": "Pteropus medius", "Genus": "Pteropus", "Species_Epithet": "medius", "Subspecies": "", "Authority": "Temminck, 1825", "Scientific_Name_Full": "Pteropus medius Temminck, 1825", "Latitude": 26.188458, "Longitude": 91.742566, "Country": "India", "Country_Code": "IN", "Year_Collected": 2018.0, "GBIF_Citation": "GBIF.org (2026). GBIF Occurrence Download. Accessed via GBIF.org on 2026-04-02.", "Citation_Notes": "For publication use: Users should create a proper GBIF download with DOI at gbif.org for citeable reference. This dataset is for preliminary analysis only.", "GBIF_Species_URL": "https://www.gbif.org/species/search?q=Pteropus%20medius", "Record_Completeness": "Excellent", "Completeness_Notes": "coordinates_present; year_present; authority_present; country_present" }, "geometry": { "type": "Point", "coordinates": [ 91.742566, 26.188458 ] } },
{ "type": "Feature", "properties": { "Record_ID": "GBIF_BAT_0100", "Binomial": "Pteropus medius", "Genus": "Pteropus", "Species_Epithet": "medius", "Subspecies": "", "Authority": "Temminck, 1825", "Scientific_Name_Full": "Pteropus medius Temminck, 1825", "Latitude": 9.005556, "Longitude": 76.78315, "Country": "India", "Country_Code": "IN", "Year_Collected": 2019.0, "GBIF_Citation": "GBIF.org (2026). GBIF Occurrence Download. Accessed via GBIF.org on 2026-04-02.", "Citation_Notes": "For publication use: Users should create a proper GBIF download with DOI at gbif.org for citeable reference. This dataset is for preliminary analysis only.", "GBIF_Species_URL": "https://www.gbif.org/species/search?q=Pteropus%20medius", "Record_Completeness": "Excellent", "Completeness_Notes": "coordinates_present; year_present; authority_present; country_present" }, "geometry": { "type": "Point", "coordinates": [ 76.78315, 9.005556 ] } },
{ "type": "Feature", "properties": { "Record_ID": "GBIF_BAT_0101", "Binomial": "Pteropus medius", "Genus": "Pteropus", "Species_Epithet": "medius", "Subspecies": "", "Authority": "Temminck, 1825", "Scientific_Name_Full": "Pteropus medius Temminck, 1825", "Latitude": 10.540047, "Longitude": 76.201785, "Country": "India", "Country_Code": "IN", "Year_Collected": 2019.0, "GBIF_Citation": "GBIF.org (2026). GBIF Occurrence Download. Accessed via GBIF.org on 2026-04-02.", "Citation_Notes": "For publication use: Users should create a proper GBIF download with DOI at gbif.org for citeable reference. This dataset is for preliminary analysis only.", "GBIF_Species_URL": "https://www.gbif.org/species/search?q=Pteropus%20medius", "Record_Completeness": "Excellent", "Completeness_Notes": "coordinates_present; year_present; authority_present; country_present" }, "geometry": { "type": "Point", "coordinates": [ 76.201785, 10.540047 ] } },
{ "type": "Feature", "properties": { "Record_ID": "GBIF_BAT_0102", "Binomial": "Pteropus medius", "Genus": "Pteropus", "Species_Epithet": "medius", "Subspecies": "", "Authority": "Temminck, 1825", "Scientific_Name_Full": "Pteropus medius Temminck, 1825", "Latitude": 22.529575, "Longitude": 88.261752, "Country": "India", "Country_Code": "IN", "Year_Collected": 2019.0, "GBIF_Citation": "GBIF.org (2026). GBIF Occurrence Download. Accessed via GBIF.org on 2026-04-02.", "Citation_Notes": "For publication use: Users should create a proper GBIF download with DOI at gbif.org for citeable reference. This dataset is for preliminary analysis only.", "GBIF_Species_URL": "https://www.gbif.org/species/search?q=Pteropus%20medius", "Record_Completeness": "Excellent", "Completeness_Notes": "coordinates_present; year_present; authority_present; country_present" }, "geometry": { "type": "Point", "coordinates": [ 88.261752, 22.529575 ] } },
{ "type": "Feature", "properties": { "Record_ID": "GBIF_BAT_0103", "Binomial": "Pteropus medius", "Genus": "Pteropus", "Species_Epithet": "medius", "Subspecies": "", "Authority": "Temminck, 1825", "Scientific_Name_Full": "Pteropus medius Temminck, 1825", "Latitude": 8.682259, "Longitude": 77.136529, "Country": "India", "Country_Code": "IN", "Year_Collected": 2019.0, "GBIF_Citation": "GBIF.org (2026). GBIF Occurrence Download. Accessed via GBIF.org on 2026-04-02.", "Citation_Notes": "For publication use: Users should create a proper GBIF download with DOI at gbif.org for citeable reference. This dataset is for preliminary analysis only.", "GBIF_Species_URL": "https://www.gbif.org/species/search?q=Pteropus%20medius", "Record_Completeness": "Excellent", "Completeness_Notes": "coordinates_present; year_present; authority_present; country_present" }, "geometry": { "type": "Point", "coordinates": [ 77.136529, 8.682259 ] } },
{ "type": "Feature", "properties": { "Record_ID": "GBIF_BAT_0104", "Binomial": "Pteropus medius", "Genus": "Pteropus", "Species_Epithet": "medius", "Subspecies": "", "Authority": "Temminck, 1825", "Scientific_Name_Full": "Pteropus medius Temminck, 1825", "Latitude": 9.930569, "Longitude": 76.323448, "Country": "India", "Country_Code": "IN", "Year_Collected": 2019.0, "GBIF_Citation": "GBIF.org (2026). GBIF Occurrence Download. Accessed via GBIF.org on 2026-04-02.", "Citation_Notes": "For publication use: Users should create a proper GBIF download with DOI at gbif.org for citeable reference. This dataset is for preliminary analysis only.", "GBIF_Species_URL": "https://www.gbif.org/species/search?q=Pteropus%20medius", "Record_Completeness": "Excellent", "Completeness_Notes": "coordinates_present; year_present; authority_present; country_present" }, "geometry": { "type": "Point", "coordinates": [ 76.323448, 9.930569 ] } },
{ "type": "Feature", "properties": { "Record_ID": "GBIF_BAT_0105", "Binomial": "Pteropus medius", "Genus": "Pteropus", "Species_Epithet": "medius", "Subspecies": "", "Authority": "Temminck, 1825", "Scientific_Name_Full": "Pteropus medius Temminck, 1825", "Latitude": 10.480297, "Longitude": 76.169068, "Country": "India", "Country_Code": "IN", "Year_Collected": 2019.0, "GBIF_Citation": "GBIF.org (2026). GBIF Occurrence Download. Accessed via GBIF.org on 2026-04-02.", "Citation_Notes": "For publication use: Users should create a proper GBIF download with DOI at gbif.org for citeable reference. This dataset is for preliminary analysis only.", "GBIF_Species_URL": "https://www.gbif.org/species/search?q=Pteropus%20medius", "Record_Completeness": "Excellent", "Completeness_Notes": "coordinates_present; year_present; authority_present; country_present" }, "geometry": { "type": "Point", "coordinates": [ 76.169068, 10.480297 ] } },
{ "type": "Feature", "properties": { "Record_ID": "GBIF_BAT_0106", "Binomial": "Pteropus medius", "Genus": "Pteropus", "Species_Epithet": "medius", "Subspecies": "", "Authority": "Temminck, 1825", "Scientific_Name_Full": "Pteropus medius Temminck, 1825", "Latitude": 10.621943, "Longitude": 76.048412, "Country": "India", "Country_Code": "IN", "Year_Collected": 2019.0, "GBIF_Citation": "GBIF.org (2026). GBIF Occurrence Download. Accessed via GBIF.org on 2026-04-02.", "Citation_Notes": "For publication use: Users should create a proper GBIF download with DOI at gbif.org for citeable reference. This dataset is for preliminary analysis only.", "GBIF_Species_URL": "https://www.gbif.org/species/search?q=Pteropus%20medius", "Record_Completeness": "Excellent", "Completeness_Notes": "coordinates_present; year_present; authority_present; country_present" }, "geometry": { "type": "Point", "coordinates": [ 76.048412, 10.621943 ] } },
{ "type": "Feature", "properties": { "Record_ID": "GBIF_BAT_0107", "Binomial": "Pteropus medius", "Genus": "Pteropus", "Species_Epithet": "medius", "Subspecies": "", "Authority": "Temminck, 1825", "Scientific_Name_Full": "Pteropus medius Temminck, 1825", "Latitude": 10.649635, "Longitude": 76.063188, "Country": "India", "Country_Code": "IN", "Year_Collected": 2019.0, "GBIF_Citation": "GBIF.org (2026). GBIF Occurrence Download. Accessed via GBIF.org on 2026-04-02.", "Citation_Notes": "For publication use: Users should create a proper GBIF download with DOI at gbif.org for citeable reference. This dataset is for preliminary analysis only.", "GBIF_Species_URL": "https://www.gbif.org/species/search?q=Pteropus%20medius", "Record_Completeness": "Excellent", "Completeness_Notes": "coordinates_present; year_present; authority_present; country_present" }, "geometry": { "type": "Point", "coordinates": [ 76.063188, 10.649635 ] } },
{ "type": "Feature", "properties": { "Record_ID": "GBIF_BAT_0108", "Binomial": "Pteropus medius", "Genus": "Pteropus", "Species_Epithet": "medius", "Subspecies": "", "Authority": "Temminck, 1825", "Scientific_Name_Full": "Pteropus medius Temminck, 1825", "Latitude": 10.592378, "Longitude": 76.173297, "Country": "India", "Country_Code": "IN", "Year_Collected": 2019.0, "GBIF_Citation": "GBIF.org (2026). GBIF Occurrence Download. Accessed via GBIF.org on 2026-04-02.", "Citation_Notes": "For publication use: Users should create a proper GBIF download with DOI at gbif.org for citeable reference. This dataset is for preliminary analysis only.", "GBIF_Species_URL": "https://www.gbif.org/species/search?q=Pteropus%20medius", "Record_Completeness": "Excellent", "Completeness_Notes": "coordinates_present; year_present; authority_present; country_present" }, "geometry": { "type": "Point", "coordinates": [ 76.173297, 10.592378 ] } },
{ "type": "Feature", "properties": { "Record_ID": "GBIF_BAT_0109", "Binomial": "Pteropus medius", "Genus": "Pteropus", "Species_Epithet": "medius", "Subspecies": "", "Authority": "Temminck, 1825", "Scientific_Name_Full": "Pteropus medius Temminck, 1825", "Latitude": 10.404695, "Longitude": 76.214477, "Country": "India", "Country_Code": "IN", "Year_Collected": 2019.0, "GBIF_Citation": "GBIF.org (2026). GBIF Occurrence Download. Accessed via GBIF.org on 2026-04-02.", "Citation_Notes": "For publication use: Users should create a proper GBIF download with DOI at gbif.org for citeable reference. This dataset is for preliminary analysis only.", "GBIF_Species_URL": "https://www.gbif.org/species/search?q=Pteropus%20medius", "Record_Completeness": "Excellent", "Completeness_Notes": "coordinates_present; year_present; authority_present; country_present" }, "geometry": { "type": "Point", "coordinates": [ 76.214477, 10.404695 ] } },
{ "type": "Feature", "properties": { "Record_ID": "GBIF_BAT_0110", "Binomial": "Pteropus medius", "Genus": "Pteropus", "Species_Epithet": "medius", "Subspecies": "", "Authority": "Temminck, 1825", "Scientific_Name_Full": "Pteropus medius Temminck, 1825", "Latitude": 12.054735, "Longitude": 75.188253, "Country": "India", "Country_Code": "IN", "Year_Collected": 2019.0, "GBIF_Citation": "GBIF.org (2026). GBIF Occurrence Download. Accessed via GBIF.org on 2026-04-02.", "Citation_Notes": "For publication use: Users should create a proper GBIF download with DOI at gbif.org for citeable reference. This dataset is for preliminary analysis only.", "GBIF_Species_URL": "https://www.gbif.org/species/search?q=Pteropus%20medius", "Record_Completeness": "Excellent", "Completeness_Notes": "coordinates_present; year_present; authority_present; country_present" }, "geometry": { "type": "Point", "coordinates": [ 75.188253, 12.054735 ] } },
{ "type": "Feature", "properties": { "Record_ID": "GBIF_BAT_0111", "Binomial": "Pteropus medius", "Genus": "Pteropus", "Species_Epithet": "medius", "Subspecies": "", "Authority": "Temminck, 1825", "Scientific_Name_Full": "Pteropus medius Temminck, 1825", "Latitude": 8.469243, "Longitude": 76.933579, "Country": "India", "Country_Code": "IN", "Year_Collected": 2019.0, "GBIF_Citation": "GBIF.org (2026). GBIF Occurrence Download. Accessed via GBIF.org on 2026-04-02.", "Citation_Notes": "For publication use: Users should create a proper GBIF download with DOI at gbif.org for citeable reference. This dataset is for preliminary analysis only.", "GBIF_Species_URL": "https://www.gbif.org/species/search?q=Pteropus%20medius", "Record_Completeness": "Excellent", "Completeness_Notes": "coordinates_present; year_present; authority_present; country_present" }, "geometry": { "type": "Point", "coordinates": [ 76.933579, 8.469243 ] } },
{ "type": "Feature", "properties": { "Record_ID": "GBIF_BAT_0112", "Binomial": "Pteropus medius", "Genus": "Pteropus", "Species_Epithet": "medius", "Subspecies": "", "Authority": "Temminck, 1825", "Scientific_Name_Full": "Pteropus medius Temminck, 1825", "Latitude": 26.453804, "Longitude": 93.37211, "Country": "India", "Country_Code": "IN", "Year_Collected": 2019.0, "GBIF_Citation": "GBIF.org (2026). GBIF Occurrence Download. Accessed via GBIF.org on 2026-04-02.", "Citation_Notes": "For publication use: Users should create a proper GBIF download with DOI at gbif.org for citeable reference. This dataset is for preliminary analysis only.", "GBIF_Species_URL": "https://www.gbif.org/species/search?q=Pteropus%20medius", "Record_Completeness": "Excellent", "Completeness_Notes": "coordinates_present; year_present; authority_present; country_present" }, "geometry": { "type": "Point", "coordinates": [ 93.37211, 26.453804 ] } },
{ "type": "Feature", "properties": { "Record_ID": "GBIF_BAT_0113", "Binomial": "Pteropus medius", "Genus": "Pteropus", "Species_Epithet": "medius", "Subspecies": "", "Authority": "Temminck, 1825", "Scientific_Name_Full": "Pteropus medius Temminck, 1825", "Latitude": 22.534025, "Longitude": 87.908146, "Country": "India", "Country_Code": "IN", "Year_Collected": 2020.0, "GBIF_Citation": "GBIF.org (2026). GBIF Occurrence Download. Accessed via GBIF.org on 2026-04-02.", "Citation_Notes": "For publication use: Users should create a proper GBIF download with DOI at gbif.org for citeable reference. This dataset is for preliminary analysis only.", "GBIF_Species_URL": "https://www.gbif.org/species/search?q=Pteropus%20medius", "Record_Completeness": "Excellent", "Completeness_Notes": "coordinates_present; year_present; authority_present; country_present" }, "geometry": { "type": "Point", "coordinates": [ 87.908146, 22.534025 ] } },
{ "type": "Feature", "properties": { "Record_ID": "GBIF_BAT_0114", "Binomial": "Pteropus medius", "Genus": "Pteropus", "Species_Epithet": "medius", "Subspecies": "", "Authority": "Temminck, 1825", "Scientific_Name_Full": "Pteropus medius Temminck, 1825", "Latitude": 10.009316, "Longitude": 76.572788, "Country": "India", "Country_Code": "IN", "Year_Collected": 2020.0, "GBIF_Citation": "GBIF.org (2026). GBIF Occurrence Download. Accessed via GBIF.org on 2026-04-02.", "Citation_Notes": "For publication use: Users should create a proper GBIF download with DOI at gbif.org for citeable reference. This dataset is for preliminary analysis only.", "GBIF_Species_URL": "https://www.gbif.org/species/search?q=Pteropus%20medius", "Record_Completeness": "Excellent", "Completeness_Notes": "coordinates_present; year_present; authority_present; country_present" }, "geometry": { "type": "Point", "coordinates": [ 76.572788, 10.009316 ] } },
{ "type": "Feature", "properties": { "Record_ID": "GBIF_BAT_0115", "Binomial": "Pteropus medius", "Genus": "Pteropus", "Species_Epithet": "medius", "Subspecies": "", "Authority": "Temminck, 1825", "Scientific_Name_Full": "Pteropus medius Temminck, 1825", "Latitude": 11.134027, "Longitude": 75.895235, "Country": "India", "Country_Code": "IN", "Year_Collected": 2020.0, "GBIF_Citation": "GBIF.org (2026). GBIF Occurrence Download. Accessed via GBIF.org on 2026-04-02.", "Citation_Notes": "For publication use: Users should create a proper GBIF download with DOI at gbif.org for citeable reference. This dataset is for preliminary analysis only.", "GBIF_Species_URL": "https://www.gbif.org/species/search?q=Pteropus%20medius", "Record_Completeness": "Excellent", "Completeness_Notes": "coordinates_present; year_present; authority_present; country_present" }, "geometry": { "type": "Point", "coordinates": [ 75.895235, 11.134027 ] } },
{ "type": "Feature", "properties": { "Record_ID": "GBIF_BAT_0116", "Binomial": "Pteropus medius", "Genus": "Pteropus", "Species_Epithet": "medius", "Subspecies": "", "Authority": "Temminck, 1825", "Scientific_Name_Full": "Pteropus medius Temminck, 1825", "Latitude": 11.97542, "Longitude": 75.355637, "Country": "India", "Country_Code": "IN", "Year_Collected": 2020.0, "GBIF_Citation": "GBIF.org (2026). GBIF Occurrence Download. Accessed via GBIF.org on 2026-04-02.", "Citation_Notes": "For publication use: Users should create a proper GBIF download with DOI at gbif.org for citeable reference. This dataset is for preliminary analysis only.", "GBIF_Species_URL": "https://www.gbif.org/species/search?q=Pteropus%20medius", "Record_Completeness": "Excellent", "Completeness_Notes": "coordinates_present; year_present; authority_present; country_present" }, "geometry": { "type": "Point", "coordinates": [ 75.355637, 11.97542 ] } },
{ "type": "Feature", "properties": { "Record_ID": "GBIF_BAT_0117", "Binomial": "Pteropus medius", "Genus": "Pteropus", "Species_Epithet": "medius", "Subspecies": "", "Authority": "Temminck, 1825", "Scientific_Name_Full": "Pteropus medius Temminck, 1825", "Latitude": 26.34524, "Longitude": 89.448208, "Country": "India", "Country_Code": "IN", "Year_Collected": 2020.0, "GBIF_Citation": "GBIF.org (2026). GBIF Occurrence Download. Accessed via GBIF.org on 2026-04-02.", "Citation_Notes": "For publication use: Users should create a proper GBIF download with DOI at gbif.org for citeable reference. This dataset is for preliminary analysis only.", "GBIF_Species_URL": "https://www.gbif.org/species/search?q=Pteropus%20medius", "Record_Completeness": "Excellent", "Completeness_Notes": "coordinates_present; year_present; authority_present; country_present" }, "geometry": { "type": "Point", "coordinates": [ 89.448208, 26.34524 ] } },
{ "type": "Feature", "properties": { "Record_ID": "GBIF_BAT_0118", "Binomial": "Pteropus medius", "Genus": "Pteropus", "Species_Epithet": "medius", "Subspecies": "", "Authority": "Temminck, 1825", "Scientific_Name_Full": "Pteropus medius Temminck, 1825", "Latitude": 22.763796, "Longitude": 88.544396, "Country": "India", "Country_Code": "IN", "Year_Collected": 2020.0, "GBIF_Citation": "GBIF.org (2026). GBIF Occurrence Download. Accessed via GBIF.org on 2026-04-02.", "Citation_Notes": "For publication use: Users should create a proper GBIF download with DOI at gbif.org for citeable reference. This dataset is for preliminary analysis only.", "GBIF_Species_URL": "https://www.gbif.org/species/search?q=Pteropus%20medius", "Record_Completeness": "Excellent", "Completeness_Notes": "coordinates_present; year_present; authority_present; country_present" }, "geometry": { "type": "Point", "coordinates": [ 88.544396, 22.763796 ] } },
{ "type": "Feature", "properties": { "Record_ID": "GBIF_BAT_0119", "Binomial": "Pteropus medius", "Genus": "Pteropus", "Species_Epithet": "medius", "Subspecies": "", "Authority": "Temminck, 1825", "Scientific_Name_Full": "Pteropus medius Temminck, 1825", "Latitude": 10.289988, "Longitude": 76.393698, "Country": "India", "Country_Code": "IN", "Year_Collected": 2020.0, "GBIF_Citation": "GBIF.org (2026). GBIF Occurrence Download. Accessed via GBIF.org on 2026-04-02.", "Citation_Notes": "For publication use: Users should create a proper GBIF download with DOI at gbif.org for citeable reference. This dataset is for preliminary analysis only.", "GBIF_Species_URL": "https://www.gbif.org/species/search?q=Pteropus%20medius", "Record_Completeness": "Excellent", "Completeness_Notes": "coordinates_present; year_present; authority_present; country_present" }, "geometry": { "type": "Point", "coordinates": [ 76.393698, 10.289988 ] } },
{ "type": "Feature", "properties": { "Record_ID": "GBIF_BAT_0120", "Binomial": "Pteropus medius", "Genus": "Pteropus", "Species_Epithet": "medius", "Subspecies": "", "Authority": "Temminck, 1825", "Scientific_Name_Full": "Pteropus medius Temminck, 1825", "Latitude": 26.577532, "Longitude": 93.171122, "Country": "India", "Country_Code": "IN", "Year_Collected": 2020.0, "GBIF_Citation": "GBIF.org (2026). GBIF Occurrence Download. Accessed via GBIF.org on 2026-04-02.", "Citation_Notes": "For publication use: Users should create a proper GBIF download with DOI at gbif.org for citeable reference. This dataset is for preliminary analysis only.", "GBIF_Species_URL": "https://www.gbif.org/species/search?q=Pteropus%20medius", "Record_Completeness": "Excellent", "Completeness_Notes": "coordinates_present; year_present; authority_present; country_present" }, "geometry": { "type": "Point", "coordinates": [ 93.171122, 26.577532 ] } },
{ "type": "Feature", "properties": { "Record_ID": "GBIF_BAT_0121", "Binomial": "Pteropus medius", "Genus": "Pteropus", "Species_Epithet": "medius", "Subspecies": "", "Authority": "Temminck, 1825", "Scientific_Name_Full": "Pteropus medius Temminck, 1825", "Latitude": 12.34993, "Longitude": 75.091816, "Country": "India", "Country_Code": "IN", "Year_Collected": 2020.0, "GBIF_Citation": "GBIF.org (2026). GBIF Occurrence Download. Accessed via GBIF.org on 2026-04-02.", "Citation_Notes": "For publication use: Users should create a proper GBIF download with DOI at gbif.org for citeable reference. This dataset is for preliminary analysis only.", "GBIF_Species_URL": "https://www.gbif.org/species/search?q=Pteropus%20medius", "Record_Completeness": "Excellent", "Completeness_Notes": "coordinates_present; year_present; authority_present; country_present" }, "geometry": { "type": "Point", "coordinates": [ 75.091816, 12.34993 ] } },
{ "type": "Feature", "properties": { "Record_ID": "GBIF_BAT_0122", "Binomial": "Pteropus medius", "Genus": "Pteropus", "Species_Epithet": "medius", "Subspecies": "", "Authority": "Temminck, 1825", "Scientific_Name_Full": "Pteropus medius Temminck, 1825", "Latitude": 10.630556, "Longitude": 76.705833, "Country": "India", "Country_Code": "IN", "Year_Collected": 2020.0, "GBIF_Citation": "GBIF.org (2026). GBIF Occurrence Download. Accessed via GBIF.org on 2026-04-02.", "Citation_Notes": "For publication use: Users should create a proper GBIF download with DOI at gbif.org for citeable reference. This dataset is for preliminary analysis only.", "GBIF_Species_URL": "https://www.gbif.org/species/search?q=Pteropus%20medius", "Record_Completeness": "Excellent", "Completeness_Notes": "coordinates_present; year_present; authority_present; country_present" }, "geometry": { "type": "Point", "coordinates": [ 76.705833, 10.630556 ] } },
{ "type": "Feature", "properties": { "Record_ID": "GBIF_BAT_0123", "Binomial": "Pteropus medius", "Genus": "Pteropus", "Species_Epithet": "medius", "Subspecies": "", "Authority": "Temminck, 1825", "Scientific_Name_Full": "Pteropus medius Temminck, 1825", "Latitude": 22.987982, "Longitude": 86.997421, "Country": "India", "Country_Code": "IN", "Year_Collected": 2020.0, "GBIF_Citation": "GBIF.org (2026). GBIF Occurrence Download. Accessed via GBIF.org on 2026-04-02.", "Citation_Notes": "For publication use: Users should create a proper GBIF download with DOI at gbif.org for citeable reference. This dataset is for preliminary analysis only.", "GBIF_Species_URL": "https://www.gbif.org/species/search?q=Pteropus%20medius", "Record_Completeness": "Excellent", "Completeness_Notes": "coordinates_present; year_present; authority_present; country_present" }, "geometry": { "type": "Point", "coordinates": [ 86.997421, 22.987982 ] } },
{ "type": "Feature", "properties": { "Record_ID": "GBIF_BAT_0124", "Binomial": "Pteropus medius", "Genus": "Pteropus", "Species_Epithet": "medius", "Subspecies": "", "Authority": "Temminck, 1825", "Scientific_Name_Full": "Pteropus medius Temminck, 1825", "Latitude": 22.988595, "Longitude": 87.005577, "Country": "India", "Country_Code": "IN", "Year_Collected": 2020.0, "GBIF_Citation": "GBIF.org (2026). GBIF Occurrence Download. Accessed via GBIF.org on 2026-04-02.", "Citation_Notes": "For publication use: Users should create a proper GBIF download with DOI at gbif.org for citeable reference. This dataset is for preliminary analysis only.", "GBIF_Species_URL": "https://www.gbif.org/species/search?q=Pteropus%20medius", "Record_Completeness": "Excellent", "Completeness_Notes": "coordinates_present; year_present; authority_present; country_present" }, "geometry": { "type": "Point", "coordinates": [ 87.005577, 22.988595 ] } },
{ "type": "Feature", "properties": { "Record_ID": "GBIF_BAT_0125", "Binomial": "Pteropus medius", "Genus": "Pteropus", "Species_Epithet": "medius", "Subspecies": "", "Authority": "Temminck, 1825", "Scientific_Name_Full": "Pteropus medius Temminck, 1825", "Latitude": 8.639315, "Longitude": 76.936938, "Country": "India", "Country_Code": "IN", "Year_Collected": 2020.0, "GBIF_Citation": "GBIF.org (2026). GBIF Occurrence Download. Accessed via GBIF.org on 2026-04-02.", "Citation_Notes": "For publication use: Users should create a proper GBIF download with DOI at gbif.org for citeable reference. This dataset is for preliminary analysis only.", "GBIF_Species_URL": "https://www.gbif.org/species/search?q=Pteropus%20medius", "Record_Completeness": "Excellent", "Completeness_Notes": "coordinates_present; year_present; authority_present; country_present" }, "geometry": { "type": "Point", "coordinates": [ 76.936938, 8.639315 ] } },
{ "type": "Feature", "properties": { "Record_ID": "GBIF_BAT_0126", "Binomial": "Pteropus medius", "Genus": "Pteropus", "Species_Epithet": "medius", "Subspecies": "", "Authority": "Temminck, 1825", "Scientific_Name_Full": "Pteropus medius Temminck, 1825", "Latitude": 8.524139, "Longitude": 76.936638, "Country": "India", "Country_Code": "IN", "Year_Collected": 2020.0, "GBIF_Citation": "GBIF.org (2026). GBIF Occurrence Download. Accessed via GBIF.org on 2026-04-02.", "Citation_Notes": "For publication use: Users should create a proper GBIF download with DOI at gbif.org for citeable reference. This dataset is for preliminary analysis only.", "GBIF_Species_URL": "https://www.gbif.org/species/search?q=Pteropus%20medius", "Record_Completeness": "Excellent", "Completeness_Notes": "coordinates_present; year_present; authority_present; country_present" }, "geometry": { "type": "Point", "coordinates": [ 76.936638, 8.524139 ] } },
{ "type": "Feature", "properties": { "Record_ID": "GBIF_BAT_0127", "Binomial": "Pteropus medius", "Genus": "Pteropus", "Species_Epithet": "medius", "Subspecies": "", "Authority": "Temminck, 1825", "Scientific_Name_Full": "Pteropus medius Temminck, 1825", "Latitude": 9.558752, "Longitude": 76.858519, "Country": "India", "Country_Code": "IN", "Year_Collected": 2020.0, "GBIF_Citation": "GBIF.org (2026). GBIF Occurrence Download. Accessed via GBIF.org on 2026-04-02.", "Citation_Notes": "For publication use: Users should create a proper GBIF download with DOI at gbif.org for citeable reference. This dataset is for preliminary analysis only.", "GBIF_Species_URL": "https://www.gbif.org/species/search?q=Pteropus%20medius", "Record_Completeness": "Excellent", "Completeness_Notes": "coordinates_present; year_present; authority_present; country_present" }, "geometry": { "type": "Point", "coordinates": [ 76.858519, 9.558752 ] } },
{ "type": "Feature", "properties": { "Record_ID": "GBIF_BAT_0128", "Binomial": "Pteropus medius", "Genus": "Pteropus", "Species_Epithet": "medius", "Subspecies": "", "Authority": "Temminck, 1825", "Scientific_Name_Full": "Pteropus medius Temminck, 1825", "Latitude": 22.988438, "Longitude": 87.005523, "Country": "India", "Country_Code": "IN", "Year_Collected": 2020.0, "GBIF_Citation": "GBIF.org (2026). GBIF Occurrence Download. Accessed via GBIF.org on 2026-04-02.", "Citation_Notes": "For publication use: Users should create a proper GBIF download with DOI at gbif.org for citeable reference. This dataset is for preliminary analysis only.", "GBIF_Species_URL": "https://www.gbif.org/species/search?q=Pteropus%20medius", "Record_Completeness": "Excellent", "Completeness_Notes": "coordinates_present; year_present; authority_present; country_present" }, "geometry": { "type": "Point", "coordinates": [ 87.005523, 22.988438 ] } },
{ "type": "Feature", "properties": { "Record_ID": "GBIF_BAT_0129", "Binomial": "Pteropus medius", "Genus": "Pteropus", "Species_Epithet": "medius", "Subspecies": "", "Authority": "Temminck, 1825", "Scientific_Name_Full": "Pteropus medius Temminck, 1825", "Latitude": 9.997996, "Longitude": 76.577097, "Country": "India", "Country_Code": "IN", "Year_Collected": 2020.0, "GBIF_Citation": "GBIF.org (2026). GBIF Occurrence Download. Accessed via GBIF.org on 2026-04-02.", "Citation_Notes": "For publication use: Users should create a proper GBIF download with DOI at gbif.org for citeable reference. This dataset is for preliminary analysis only.", "GBIF_Species_URL": "https://www.gbif.org/species/search?q=Pteropus%20medius", "Record_Completeness": "Excellent", "Completeness_Notes": "coordinates_present; year_present; authority_present; country_present" }, "geometry": { "type": "Point", "coordinates": [ 76.577097, 9.997996 ] } },
{ "type": "Feature", "properties": { "Record_ID": "GBIF_BAT_0130", "Binomial": "Pteropus medius", "Genus": "Pteropus", "Species_Epithet": "medius", "Subspecies": "", "Authority": "Temminck, 1825", "Scientific_Name_Full": "Pteropus medius Temminck, 1825", "Latitude": 9.716944, "Longitude": 76.323333, "Country": "India", "Country_Code": "IN", "Year_Collected": 2020.0, "GBIF_Citation": "GBIF.org (2026). GBIF Occurrence Download. Accessed via GBIF.org on 2026-04-02.", "Citation_Notes": "For publication use: Users should create a proper GBIF download with DOI at gbif.org for citeable reference. This dataset is for preliminary analysis only.", "GBIF_Species_URL": "https://www.gbif.org/species/search?q=Pteropus%20medius", "Record_Completeness": "Excellent", "Completeness_Notes": "coordinates_present; year_present; authority_present; country_present" }, "geometry": { "type": "Point", "coordinates": [ 76.323333, 9.716944 ] } },
{ "type": "Feature", "properties": { "Record_ID": "GBIF_BAT_0131", "Binomial": "Pteropus medius", "Genus": "Pteropus", "Species_Epithet": "medius", "Subspecies": "", "Authority": "Temminck, 1825", "Scientific_Name_Full": "Pteropus medius Temminck, 1825", "Latitude": 22.6839, "Longitude": 88.433345, "Country": "India", "Country_Code": "IN", "Year_Collected": 2020.0, "GBIF_Citation": "GBIF.org (2026). GBIF Occurrence Download. Accessed via GBIF.org on 2026-04-02.", "Citation_Notes": "For publication use: Users should create a proper GBIF download with DOI at gbif.org for citeable reference. This dataset is for preliminary analysis only.", "GBIF_Species_URL": "https://www.gbif.org/species/search?q=Pteropus%20medius", "Record_Completeness": "Excellent", "Completeness_Notes": "coordinates_present; year_present; authority_present; country_present" }, "geometry": { "type": "Point", "coordinates": [ 88.433345, 22.6839 ] } },
{ "type": "Feature", "properties": { "Record_ID": "GBIF_BAT_0132", "Binomial": "Pteropus medius", "Genus": "Pteropus", "Species_Epithet": "medius", "Subspecies": "", "Authority": "Temminck, 1825", "Scientific_Name_Full": "Pteropus medius Temminck, 1825", "Latitude": 9.597662, "Longitude": 76.51109, "Country": "India", "Country_Code": "IN", "Year_Collected": 2020.0, "GBIF_Citation": "GBIF.org (2026). GBIF Occurrence Download. Accessed via GBIF.org on 2026-04-02.", "Citation_Notes": "For publication use: Users should create a proper GBIF download with DOI at gbif.org for citeable reference. This dataset is for preliminary analysis only.", "GBIF_Species_URL": "https://www.gbif.org/species/search?q=Pteropus%20medius", "Record_Completeness": "Excellent", "Completeness_Notes": "coordinates_present; year_present; authority_present; country_present" }, "geometry": { "type": "Point", "coordinates": [ 76.51109, 9.597662 ] } },
{ "type": "Feature", "properties": { "Record_ID": "GBIF_BAT_0133", "Binomial": "Pteropus medius", "Genus": "Pteropus", "Species_Epithet": "medius", "Subspecies": "", "Authority": "Temminck, 1825", "Scientific_Name_Full": "Pteropus medius Temminck, 1825", "Latitude": 10.160381, "Longitude": 76.237762, "Country": "India", "Country_Code": "IN", "Year_Collected": 2020.0, "GBIF_Citation": "GBIF.org (2026). GBIF Occurrence Download. Accessed via GBIF.org on 2026-04-02.", "Citation_Notes": "For publication use: Users should create a proper GBIF download with DOI at gbif.org for citeable reference. This dataset is for preliminary analysis only.", "GBIF_Species_URL": "https://www.gbif.org/species/search?q=Pteropus%20medius", "Record_Completeness": "Excellent", "Completeness_Notes": "coordinates_present; year_present; authority_present; country_present" }, "geometry": { "type": "Point", "coordinates": [ 76.237762, 10.160381 ] } },
{ "type": "Feature", "properties": { "Record_ID": "GBIF_BAT_0134", "Binomial": "Pteropus medius", "Genus": "Pteropus", "Species_Epithet": "medius", "Subspecies": "", "Authority": "Temminck, 1825", "Scientific_Name_Full": "Pteropus medius Temminck, 1825", "Latitude": 8.956636, "Longitude": 76.841825, "Country": "India", "Country_Code": "IN", "Year_Collected": 2021.0, "GBIF_Citation": "GBIF.org (2026). GBIF Occurrence Download. Accessed via GBIF.org on 2026-04-02.", "Citation_Notes": "For publication use: Users should create a proper GBIF download with DOI at gbif.org for citeable reference. This dataset is for preliminary analysis only.", "GBIF_Species_URL": "https://www.gbif.org/species/search?q=Pteropus%20medius", "Record_Completeness": "Excellent", "Completeness_Notes": "coordinates_present; year_present; authority_present; country_present" }, "geometry": { "type": "Point", "coordinates": [ 76.841825, 8.956636 ] } },
{ "type": "Feature", "properties": { "Record_ID": "GBIF_BAT_0135", "Binomial": "Pteropus medius", "Genus": "Pteropus", "Species_Epithet": "medius", "Subspecies": "", "Authority": "Temminck, 1825", "Scientific_Name_Full": "Pteropus medius Temminck, 1825", "Latitude": 11.353002, "Longitude": 76.79591, "Country": "India", "Country_Code": "IN", "Year_Collected": 2021.0, "GBIF_Citation": "GBIF.org (2026). GBIF Occurrence Download. Accessed via GBIF.org on 2026-04-02.", "Citation_Notes": "For publication use: Users should create a proper GBIF download with DOI at gbif.org for citeable reference. This dataset is for preliminary analysis only.", "GBIF_Species_URL": "https://www.gbif.org/species/search?q=Pteropus%20medius", "Record_Completeness": "Excellent", "Completeness_Notes": "coordinates_present; year_present; authority_present; country_present" }, "geometry": { "type": "Point", "coordinates": [ 76.79591, 11.353002 ] } },
{ "type": "Feature", "properties": { "Record_ID": "GBIF_BAT_0136", "Binomial": "Pteropus medius", "Genus": "Pteropus", "Species_Epithet": "medius", "Subspecies": "", "Authority": "Temminck, 1825", "Scientific_Name_Full": "Pteropus medius Temminck, 1825", "Latitude": 11.139611, "Longitude": 76.302017, "Country": "India", "Country_Code": "IN", "Year_Collected": 2021.0, "GBIF_Citation": "GBIF.org (2026). GBIF Occurrence Download. Accessed via GBIF.org on 2026-04-02.", "Citation_Notes": "For publication use: Users should create a proper GBIF download with DOI at gbif.org for citeable reference. This dataset is for preliminary analysis only.", "GBIF_Species_URL": "https://www.gbif.org/species/search?q=Pteropus%20medius", "Record_Completeness": "Excellent", "Completeness_Notes": "coordinates_present; year_present; authority_present; country_present" }, "geometry": { "type": "Point", "coordinates": [ 76.302017, 11.139611 ] } },
{ "type": "Feature", "properties": { "Record_ID": "GBIF_BAT_0137", "Binomial": "Pteropus medius", "Genus": "Pteropus", "Species_Epithet": "medius", "Subspecies": "", "Authority": "Temminck, 1825", "Scientific_Name_Full": "Pteropus medius Temminck, 1825", "Latitude": 10.369806, "Longitude": 76.992927, "Country": "India", "Country_Code": "IN", "Year_Collected": 2021.0, "GBIF_Citation": "GBIF.org (2026). GBIF Occurrence Download. Accessed via GBIF.org on 2026-04-02.", "Citation_Notes": "For publication use: Users should create a proper GBIF download with DOI at gbif.org for citeable reference. This dataset is for preliminary analysis only.", "GBIF_Species_URL": "https://www.gbif.org/species/search?q=Pteropus%20medius", "Record_Completeness": "Excellent", "Completeness_Notes": "coordinates_present; year_present; authority_present; country_present" }, "geometry": { "type": "Point", "coordinates": [ 76.992927, 10.369806 ] } },
{ "type": "Feature", "properties": { "Record_ID": "GBIF_BAT_0138", "Binomial": "Pteropus medius", "Genus": "Pteropus", "Species_Epithet": "medius", "Subspecies": "", "Authority": "Temminck, 1825", "Scientific_Name_Full": "Pteropus medius Temminck, 1825", "Latitude": 10.132406, "Longitude": 76.487434, "Country": "India", "Country_Code": "IN", "Year_Collected": 2021.0, "GBIF_Citation": "GBIF.org (2026). GBIF Occurrence Download. Accessed via GBIF.org on 2026-04-02.", "Citation_Notes": "For publication use: Users should create a proper GBIF download with DOI at gbif.org for citeable reference. This dataset is for preliminary analysis only.", "GBIF_Species_URL": "https://www.gbif.org/species/search?q=Pteropus%20medius", "Record_Completeness": "Excellent", "Completeness_Notes": "coordinates_present; year_present; authority_present; country_present" }, "geometry": { "type": "Point", "coordinates": [ 76.487434, 10.132406 ] } },
{ "type": "Feature", "properties": { "Record_ID": "GBIF_BAT_0139", "Binomial": "Pteropus medius", "Genus": "Pteropus", "Species_Epithet": "medius", "Subspecies": "", "Authority": "Temminck, 1825", "Scientific_Name_Full": "Pteropus medius Temminck, 1825", "Latitude": 10.331417, "Longitude": 76.400649, "Country": "India", "Country_Code": "IN", "Year_Collected": 2021.0, "GBIF_Citation": "GBIF.org (2026). GBIF Occurrence Download. Accessed via GBIF.org on 2026-04-02.", "Citation_Notes": "For publication use: Users should create a proper GBIF download with DOI at gbif.org for citeable reference. This dataset is for preliminary analysis only.", "GBIF_Species_URL": "https://www.gbif.org/species/search?q=Pteropus%20medius", "Record_Completeness": "Excellent", "Completeness_Notes": "coordinates_present; year_present; authority_present; country_present" }, "geometry": { "type": "Point", "coordinates": [ 76.400649, 10.331417 ] } },
{ "type": "Feature", "properties": { "Record_ID": "GBIF_BAT_0140", "Binomial": "Pteropus medius", "Genus": "Pteropus", "Species_Epithet": "medius", "Subspecies": "", "Authority": "Temminck, 1825", "Scientific_Name_Full": "Pteropus medius Temminck, 1825", "Latitude": 11.933145, "Longitude": 75.353233, "Country": "India", "Country_Code": "IN", "Year_Collected": 2021.0, "GBIF_Citation": "GBIF.org (2026). GBIF Occurrence Download. Accessed via GBIF.org on 2026-04-02.", "Citation_Notes": "For publication use: Users should create a proper GBIF download with DOI at gbif.org for citeable reference. This dataset is for preliminary analysis only.", "GBIF_Species_URL": "https://www.gbif.org/species/search?q=Pteropus%20medius", "Record_Completeness": "Excellent", "Completeness_Notes": "coordinates_present; year_present; authority_present; country_present" }, "geometry": { "type": "Point", "coordinates": [ 75.353233, 11.933145 ] } },
{ "type": "Feature", "properties": { "Record_ID": "GBIF_BAT_0141", "Binomial": "Pteropus medius", "Genus": "Pteropus", "Species_Epithet": "medius", "Subspecies": "", "Authority": "Temminck, 1825", "Scientific_Name_Full": "Pteropus medius Temminck, 1825", "Latitude": 22.536704, "Longitude": 88.366014, "Country": "India", "Country_Code": "IN", "Year_Collected": 2021.0, "GBIF_Citation": "GBIF.org (2026). GBIF Occurrence Download. Accessed via GBIF.org on 2026-04-02.", "Citation_Notes": "For publication use: Users should create a proper GBIF download with DOI at gbif.org for citeable reference. This dataset is for preliminary analysis only.", "GBIF_Species_URL": "https://www.gbif.org/species/search?q=Pteropus%20medius", "Record_Completeness": "Excellent", "Completeness_Notes": "coordinates_present; year_present; authority_present; country_present" }, "geometry": { "type": "Point", "coordinates": [ 88.366014, 22.536704 ] } },
{ "type": "Feature", "properties": { "Record_ID": "GBIF_BAT_0142", "Binomial": "Pteropus medius", "Genus": "Pteropus", "Species_Epithet": "medius", "Subspecies": "", "Authority": "Temminck, 1825", "Scientific_Name_Full": "Pteropus medius Temminck, 1825", "Latitude": 23.045833, "Longitude": 88.499444, "Country": "India", "Country_Code": "IN", "Year_Collected": 2021.0, "GBIF_Citation": "GBIF.org (2026). GBIF Occurrence Download. Accessed via GBIF.org on 2026-04-02.", "Citation_Notes": "For publication use: Users should create a proper GBIF download with DOI at gbif.org for citeable reference. This dataset is for preliminary analysis only.", "GBIF_Species_URL": "https://www.gbif.org/species/search?q=Pteropus%20medius", "Record_Completeness": "Excellent", "Completeness_Notes": "coordinates_present; year_present; authority_present; country_present" }, "geometry": { "type": "Point", "coordinates": [ 88.499444, 23.045833 ] } },
{ "type": "Feature", "properties": { "Record_ID": "GBIF_BAT_0143", "Binomial": "Pteropus medius", "Genus": "Pteropus", "Species_Epithet": "medius", "Subspecies": "", "Authority": "Temminck, 1825", "Scientific_Name_Full": "Pteropus medius Temminck, 1825", "Latitude": 9.549928, "Longitude": 76.34781, "Country": "India", "Country_Code": "IN", "Year_Collected": 2021.0, "GBIF_Citation": "GBIF.org (2026). GBIF Occurrence Download. Accessed via GBIF.org on 2026-04-02.", "Citation_Notes": "For publication use: Users should create a proper GBIF download with DOI at gbif.org for citeable reference. This dataset is for preliminary analysis only.", "GBIF_Species_URL": "https://www.gbif.org/species/search?q=Pteropus%20medius", "Record_Completeness": "Excellent", "Completeness_Notes": "coordinates_present; year_present; authority_present; country_present" }, "geometry": { "type": "Point", "coordinates": [ 76.34781, 9.549928 ] } },
{ "type": "Feature", "properties": { "Record_ID": "GBIF_BAT_0144", "Binomial": "Pteropus medius", "Genus": "Pteropus", "Species_Epithet": "medius", "Subspecies": "", "Authority": "Temminck, 1825", "Scientific_Name_Full": "Pteropus medius Temminck, 1825", "Latitude": 9.903762, "Longitude": 76.704314, "Country": "India", "Country_Code": "IN", "Year_Collected": 2021.0, "GBIF_Citation": "GBIF.org (2026). GBIF Occurrence Download. Accessed via GBIF.org on 2026-04-02.", "Citation_Notes": "For publication use: Users should create a proper GBIF download with DOI at gbif.org for citeable reference. This dataset is for preliminary analysis only.", "GBIF_Species_URL": "https://www.gbif.org/species/search?q=Pteropus%20medius", "Record_Completeness": "Excellent", "Completeness_Notes": "coordinates_present; year_present; authority_present; country_present" }, "geometry": { "type": "Point", "coordinates": [ 76.704314, 9.903762 ] } },
{ "type": "Feature", "properties": { "Record_ID": "GBIF_BAT_0145", "Binomial": "Pteropus medius", "Genus": "Pteropus", "Species_Epithet": "medius", "Subspecies": "", "Authority": "Temminck, 1825", "Scientific_Name_Full": "Pteropus medius Temminck, 1825", "Latitude": 11.82785, "Longitude": 75.551951, "Country": "India", "Country_Code": "IN", "Year_Collected": 2021.0, "GBIF_Citation": "GBIF.org (2026). GBIF Occurrence Download. Accessed via GBIF.org on 2026-04-02.", "Citation_Notes": "For publication use: Users should create a proper GBIF download with DOI at gbif.org for citeable reference. This dataset is for preliminary analysis only.", "GBIF_Species_URL": "https://www.gbif.org/species/search?q=Pteropus%20medius", "Record_Completeness": "Excellent", "Completeness_Notes": "coordinates_present; year_present; authority_present; country_present" }, "geometry": { "type": "Point", "coordinates": [ 75.551951, 11.82785 ] } },
{ "type": "Feature", "properties": { "Record_ID": "GBIF_BAT_0146", "Binomial": "Pteropus medius", "Genus": "Pteropus", "Species_Epithet": "medius", "Subspecies": "", "Authority": "Temminck, 1825", "Scientific_Name_Full": "Pteropus medius Temminck, 1825", "Latitude": 8.429502, "Longitude": 76.97629, "Country": "India", "Country_Code": "IN", "Year_Collected": 2021.0, "GBIF_Citation": "GBIF.org (2026). GBIF Occurrence Download. Accessed via GBIF.org on 2026-04-02.", "Citation_Notes": "For publication use: Users should create a proper GBIF download with DOI at gbif.org for citeable reference. This dataset is for preliminary analysis only.", "GBIF_Species_URL": "https://www.gbif.org/species/search?q=Pteropus%20medius", "Record_Completeness": "Excellent", "Completeness_Notes": "coordinates_present; year_present; authority_present; country_present" }, "geometry": { "type": "Point", "coordinates": [ 76.97629, 8.429502 ] } },
{ "type": "Feature", "properties": { "Record_ID": "GBIF_BAT_0147", "Binomial": "Pteropus medius", "Genus": "Pteropus", "Species_Epithet": "medius", "Subspecies": "", "Authority": "Temminck, 1825", "Scientific_Name_Full": "Pteropus medius Temminck, 1825", "Latitude": 11.098874, "Longitude": 76.745853, "Country": "India", "Country_Code": "IN", "Year_Collected": 2022.0, "GBIF_Citation": "GBIF.org (2026). GBIF Occurrence Download. Accessed via GBIF.org on 2026-04-02.", "Citation_Notes": "For publication use: Users should create a proper GBIF download with DOI at gbif.org for citeable reference. This dataset is for preliminary analysis only.", "GBIF_Species_URL": "https://www.gbif.org/species/search?q=Pteropus%20medius", "Record_Completeness": "Excellent", "Completeness_Notes": "coordinates_present; year_present; authority_present; country_present" }, "geometry": { "type": "Point", "coordinates": [ 76.745853, 11.098874 ] } },
{ "type": "Feature", "properties": { "Record_ID": "GBIF_BAT_0148", "Binomial": "Pteropus medius", "Genus": "Pteropus", "Species_Epithet": "medius", "Subspecies": "", "Authority": "Temminck, 1825", "Scientific_Name_Full": "Pteropus medius Temminck, 1825", "Latitude": 9.804857, "Longitude": 76.31028, "Country": "India", "Country_Code": "IN", "Year_Collected": 2022.0, "GBIF_Citation": "GBIF.org (2026). GBIF Occurrence Download. Accessed via GBIF.org on 2026-04-02.", "Citation_Notes": "For publication use: Users should create a proper GBIF download with DOI at gbif.org for citeable reference. This dataset is for preliminary analysis only.", "GBIF_Species_URL": "https://www.gbif.org/species/search?q=Pteropus%20medius", "Record_Completeness": "Excellent", "Completeness_Notes": "coordinates_present; year_present; authority_present; country_present" }, "geometry": { "type": "Point", "coordinates": [ 76.31028, 9.804857 ] } },
{ "type": "Feature", "properties": { "Record_ID": "GBIF_BAT_0149", "Binomial": "Pteropus medius", "Genus": "Pteropus", "Species_Epithet": "medius", "Subspecies": "", "Authority": "Temminck, 1825", "Scientific_Name_Full": "Pteropus medius Temminck, 1825", "Latitude": 11.10865, "Longitude": 76.656397, "Country": "India", "Country_Code": "IN", "Year_Collected": 2022.0, "GBIF_Citation": "GBIF.org (2026). GBIF Occurrence Download. Accessed via GBIF.org on 2026-04-02.", "Citation_Notes": "For publication use: Users should create a proper GBIF download with DOI at gbif.org for citeable reference. This dataset is for preliminary analysis only.", "GBIF_Species_URL": "https://www.gbif.org/species/search?q=Pteropus%20medius", "Record_Completeness": "Excellent", "Completeness_Notes": "coordinates_present; year_present; authority_present; country_present" }, "geometry": { "type": "Point", "coordinates": [ 76.656397, 11.10865 ] } },
{ "type": "Feature", "properties": { "Record_ID": "GBIF_BAT_0150", "Binomial": "Pteropus medius", "Genus": "Pteropus", "Species_Epithet": "medius", "Subspecies": "", "Authority": "Temminck, 1825", "Scientific_Name_Full": "Pteropus medius Temminck, 1825", "Latitude": 9.343675, "Longitude": 76.828617, "Country": "India", "Country_Code": "IN", "Year_Collected": 2022.0, "GBIF_Citation": "GBIF.org (2026). GBIF Occurrence Download. Accessed via GBIF.org on 2026-04-02.", "Citation_Notes": "For publication use: Users should create a proper GBIF download with DOI at gbif.org for citeable reference. This dataset is for preliminary analysis only.", "GBIF_Species_URL": "https://www.gbif.org/species/search?q=Pteropus%20medius", "Record_Completeness": "Excellent", "Completeness_Notes": "coordinates_present; year_present; authority_present; country_present" }, "geometry": { "type": "Point", "coordinates": [ 76.828617, 9.343675 ] } },
{ "type": "Feature", "properties": { "Record_ID": "GBIF_BAT_0151", "Binomial": "Pteropus medius", "Genus": "Pteropus", "Species_Epithet": "medius", "Subspecies": "", "Authority": "Temminck, 1825", "Scientific_Name_Full": "Pteropus medius Temminck, 1825", "Latitude": 9.343258, "Longitude": 76.82938, "Country": "India", "Country_Code": "IN", "Year_Collected": 2022.0, "GBIF_Citation": "GBIF.org (2026). GBIF Occurrence Download. Accessed via GBIF.org on 2026-04-02.", "Citation_Notes": "For publication use: Users should create a proper GBIF download with DOI at gbif.org for citeable reference. This dataset is for preliminary analysis only.", "GBIF_Species_URL": "https://www.gbif.org/species/search?q=Pteropus%20medius", "Record_Completeness": "Excellent", "Completeness_Notes": "coordinates_present; year_present; authority_present; country_present" }, "geometry": { "type": "Point", "coordinates": [ 76.82938, 9.343258 ] } },
{ "type": "Feature", "properties": { "Record_ID": "GBIF_BAT_0152", "Binomial": "Pteropus medius", "Genus": "Pteropus", "Species_Epithet": "medius", "Subspecies": "", "Authority": "Temminck, 1825", "Scientific_Name_Full": "Pteropus medius Temminck, 1825", "Latitude": 11.007012, "Longitude": 76.970803, "Country": "India", "Country_Code": "IN", "Year_Collected": 2022.0, "GBIF_Citation": "GBIF.org (2026). GBIF Occurrence Download. Accessed via GBIF.org on 2026-04-02.", "Citation_Notes": "For publication use: Users should create a proper GBIF download with DOI at gbif.org for citeable reference. This dataset is for preliminary analysis only.", "GBIF_Species_URL": "https://www.gbif.org/species/search?q=Pteropus%20medius", "Record_Completeness": "Excellent", "Completeness_Notes": "coordinates_present; year_present; authority_present; country_present" }, "geometry": { "type": "Point", "coordinates": [ 76.970803, 11.007012 ] } },
{ "type": "Feature", "properties": { "Record_ID": "GBIF_BAT_0153", "Binomial": "Pteropus medius", "Genus": "Pteropus", "Species_Epithet": "medius", "Subspecies": "", "Authority": "Temminck, 1825", "Scientific_Name_Full": "Pteropus medius Temminck, 1825", "Latitude": 11.673568, "Longitude": 76.058884, "Country": "India", "Country_Code": "IN", "Year_Collected": 2022.0, "GBIF_Citation": "GBIF.org (2026). GBIF Occurrence Download. Accessed via GBIF.org on 2026-04-02.", "Citation_Notes": "For publication use: Users should create a proper GBIF download with DOI at gbif.org for citeable reference. This dataset is for preliminary analysis only.", "GBIF_Species_URL": "https://www.gbif.org/species/search?q=Pteropus%20medius", "Record_Completeness": "Excellent", "Completeness_Notes": "coordinates_present; year_present; authority_present; country_present" }, "geometry": { "type": "Point", "coordinates": [ 76.058884, 11.673568 ] } },
{ "type": "Feature", "properties": { "Record_ID": "GBIF_BAT_0154", "Binomial": "Pteropus medius", "Genus": "Pteropus", "Species_Epithet": "medius", "Subspecies": "", "Authority": "Temminck, 1825", "Scientific_Name_Full": "Pteropus medius Temminck, 1825", "Latitude": 22.988705, "Longitude": 87.007082, "Country": "India", "Country_Code": "IN", "Year_Collected": 2022.0, "GBIF_Citation": "GBIF.org (2026). GBIF Occurrence Download. Accessed via GBIF.org on 2026-04-02.", "Citation_Notes": "For publication use: Users should create a proper GBIF download with DOI at gbif.org for citeable reference. This dataset is for preliminary analysis only.", "GBIF_Species_URL": "https://www.gbif.org/species/search?q=Pteropus%20medius", "Record_Completeness": "Excellent", "Completeness_Notes": "coordinates_present; year_present; authority_present; country_present" }, "geometry": { "type": "Point", "coordinates": [ 87.007082, 22.988705 ] } },
{ "type": "Feature", "properties": { "Record_ID": "GBIF_BAT_0155", "Binomial": "Pteropus medius", "Genus": "Pteropus", "Species_Epithet": "medius", "Subspecies": "", "Authority": "Temminck, 1825", "Scientific_Name_Full": "Pteropus medius Temminck, 1825", "Latitude": 22.988448, "Longitude": 87.006903, "Country": "India", "Country_Code": "IN", "Year_Collected": 2022.0, "GBIF_Citation": "GBIF.org (2026). GBIF Occurrence Download. Accessed via GBIF.org on 2026-04-02.", "Citation_Notes": "For publication use: Users should create a proper GBIF download with DOI at gbif.org for citeable reference. This dataset is for preliminary analysis only.", "GBIF_Species_URL": "https://www.gbif.org/species/search?q=Pteropus%20medius", "Record_Completeness": "Excellent", "Completeness_Notes": "coordinates_present; year_present; authority_present; country_present" }, "geometry": { "type": "Point", "coordinates": [ 87.006903, 22.988448 ] } },
{ "type": "Feature", "properties": { "Record_ID": "GBIF_BAT_0156", "Binomial": "Pteropus medius", "Genus": "Pteropus", "Species_Epithet": "medius", "Subspecies": "", "Authority": "Temminck, 1825", "Scientific_Name_Full": "Pteropus medius Temminck, 1825", "Latitude": 10.029107, "Longitude": 76.35898, "Country": "India", "Country_Code": "IN", "Year_Collected": 2022.0, "GBIF_Citation": "GBIF.org (2026). GBIF Occurrence Download. Accessed via GBIF.org on 2026-04-02.", "Citation_Notes": "For publication use: Users should create a proper GBIF download with DOI at gbif.org for citeable reference. This dataset is for preliminary analysis only.", "GBIF_Species_URL": "https://www.gbif.org/species/search?q=Pteropus%20medius", "Record_Completeness": "Excellent", "Completeness_Notes": "coordinates_present; year_present; authority_present; country_present" }, "geometry": { "type": "Point", "coordinates": [ 76.35898, 10.029107 ] } },
{ "type": "Feature", "properties": { "Record_ID": "GBIF_BAT_0157", "Binomial": "Pteropus medius", "Genus": "Pteropus", "Species_Epithet": "medius", "Subspecies": "", "Authority": "Temminck, 1825", "Scientific_Name_Full": "Pteropus medius Temminck, 1825", "Latitude": 11.801364, "Longitude": 76.004373, "Country": "India", "Country_Code": "IN", "Year_Collected": 2022.0, "GBIF_Citation": "GBIF.org (2026). GBIF Occurrence Download. Accessed via GBIF.org on 2026-04-02.", "Citation_Notes": "For publication use: Users should create a proper GBIF download with DOI at gbif.org for citeable reference. This dataset is for preliminary analysis only.", "GBIF_Species_URL": "https://www.gbif.org/species/search?q=Pteropus%20medius", "Record_Completeness": "Excellent", "Completeness_Notes": "coordinates_present; year_present; authority_present; country_present" }, "geometry": { "type": "Point", "coordinates": [ 76.004373, 11.801364 ] } },
{ "type": "Feature", "properties": { "Record_ID": "GBIF_BAT_0158", "Binomial": "Pteropus medius", "Genus": "Pteropus", "Species_Epithet": "medius", "Subspecies": "", "Authority": "Temminck, 1825", "Scientific_Name_Full": "Pteropus medius Temminck, 1825", "Latitude": 10.80573, "Longitude": 76.195665, "Country": "India", "Country_Code": "IN", "Year_Collected": 2022.0, "GBIF_Citation": "GBIF.org (2026). GBIF Occurrence Download. Accessed via GBIF.org on 2026-04-02.", "Citation_Notes": "For publication use: Users should create a proper GBIF download with DOI at gbif.org for citeable reference. This dataset is for preliminary analysis only.", "GBIF_Species_URL": "https://www.gbif.org/species/search?q=Pteropus%20medius", "Record_Completeness": "Excellent", "Completeness_Notes": "coordinates_present; year_present; authority_present; country_present" }, "geometry": { "type": "Point", "coordinates": [ 76.195665, 10.80573 ] } },
{ "type": "Feature", "properties": { "Record_ID": "GBIF_BAT_0159", "Binomial": "Pteropus medius", "Genus": "Pteropus", "Species_Epithet": "medius", "Subspecies": "", "Authority": "Temminck, 1825", "Scientific_Name_Full": "Pteropus medius Temminck, 1825", "Latitude": 9.634377, "Longitude": 76.419967, "Country": "India", "Country_Code": "IN", "Year_Collected": 2022.0, "GBIF_Citation": "GBIF.org (2026). GBIF Occurrence Download. Accessed via GBIF.org on 2026-04-02.", "Citation_Notes": "For publication use: Users should create a proper GBIF download with DOI at gbif.org for citeable reference. This dataset is for preliminary analysis only.", "GBIF_Species_URL": "https://www.gbif.org/species/search?q=Pteropus%20medius", "Record_Completeness": "Excellent", "Completeness_Notes": "coordinates_present; year_present; authority_present; country_present" }, "geometry": { "type": "Point", "coordinates": [ 76.419967, 9.634377 ] } },
{ "type": "Feature", "properties": { "Record_ID": "GBIF_BAT_0160", "Binomial": "Pteropus medius", "Genus": "Pteropus", "Species_Epithet": "medius", "Subspecies": "", "Authority": "Temminck, 1825", "Scientific_Name_Full": "Pteropus medius Temminck, 1825", "Latitude": 9.065172, "Longitude": 76.641347, "Country": "India", "Country_Code": "IN", "Year_Collected": 2022.0, "GBIF_Citation": "GBIF.org (2026). GBIF Occurrence Download. Accessed via GBIF.org on 2026-04-02.", "Citation_Notes": "For publication use: Users should create a proper GBIF download with DOI at gbif.org for citeable reference. This dataset is for preliminary analysis only.", "GBIF_Species_URL": "https://www.gbif.org/species/search?q=Pteropus%20medius", "Record_Completeness": "Excellent", "Completeness_Notes": "coordinates_present; year_present; authority_present; country_present" }, "geometry": { "type": "Point", "coordinates": [ 76.641347, 9.065172 ] } },
{ "type": "Feature", "properties": { "Record_ID": "GBIF_BAT_0161", "Binomial": "Pteropus medius", "Genus": "Pteropus", "Species_Epithet": "medius", "Subspecies": "", "Authority": "Temminck, 1825", "Scientific_Name_Full": "Pteropus medius Temminck, 1825", "Latitude": 12.032346, "Longitude": 75.256656, "Country": "India", "Country_Code": "IN", "Year_Collected": 2022.0, "GBIF_Citation": "GBIF.org (2026). GBIF Occurrence Download. Accessed via GBIF.org on 2026-04-02.", "Citation_Notes": "For publication use: Users should create a proper GBIF download with DOI at gbif.org for citeable reference. This dataset is for preliminary analysis only.", "GBIF_Species_URL": "https://www.gbif.org/species/search?q=Pteropus%20medius", "Record_Completeness": "Excellent", "Completeness_Notes": "coordinates_present; year_present; authority_present; country_present" }, "geometry": { "type": "Point", "coordinates": [ 75.256656, 12.032346 ] } },
{ "type": "Feature", "properties": { "Record_ID": "GBIF_BAT_0162", "Binomial": "Pteropus medius", "Genus": "Pteropus", "Species_Epithet": "medius", "Subspecies": "", "Authority": "Temminck, 1825", "Scientific_Name_Full": "Pteropus medius Temminck, 1825", "Latitude": 8.870647, "Longitude": 76.601068, "Country": "India", "Country_Code": "IN", "Year_Collected": 2022.0, "GBIF_Citation": "GBIF.org (2026). GBIF Occurrence Download. Accessed via GBIF.org on 2026-04-02.", "Citation_Notes": "For publication use: Users should create a proper GBIF download with DOI at gbif.org for citeable reference. This dataset is for preliminary analysis only.", "GBIF_Species_URL": "https://www.gbif.org/species/search?q=Pteropus%20medius", "Record_Completeness": "Excellent", "Completeness_Notes": "coordinates_present; year_present; authority_present; country_present" }, "geometry": { "type": "Point", "coordinates": [ 76.601068, 8.870647 ] } },
{ "type": "Feature", "properties": { "Record_ID": "GBIF_BAT_0163", "Binomial": "Pteropus medius", "Genus": "Pteropus", "Species_Epithet": "medius", "Subspecies": "", "Authority": "Temminck, 1825", "Scientific_Name_Full": "Pteropus medius Temminck, 1825", "Latitude": 9.993374, "Longitude": 77.043583, "Country": "India", "Country_Code": "IN", "Year_Collected": 2022.0, "GBIF_Citation": "GBIF.org (2026). GBIF Occurrence Download. Accessed via GBIF.org on 2026-04-02.", "Citation_Notes": "For publication use: Users should create a proper GBIF download with DOI at gbif.org for citeable reference. This dataset is for preliminary analysis only.", "GBIF_Species_URL": "https://www.gbif.org/species/search?q=Pteropus%20medius", "Record_Completeness": "Excellent", "Completeness_Notes": "coordinates_present; year_present; authority_present; country_present" }, "geometry": { "type": "Point", "coordinates": [ 77.043583, 9.993374 ] } },
{ "type": "Feature", "properties": { "Record_ID": "GBIF_BAT_0164", "Binomial": "Pteropus medius", "Genus": "Pteropus", "Species_Epithet": "medius", "Subspecies": "", "Authority": "Temminck, 1825", "Scientific_Name_Full": "Pteropus medius Temminck, 1825", "Latitude": 9.762845, "Longitude": 76.354392, "Country": "India", "Country_Code": "IN", "Year_Collected": 2022.0, "GBIF_Citation": "GBIF.org (2026). GBIF Occurrence Download. Accessed via GBIF.org on 2026-04-02.", "Citation_Notes": "For publication use: Users should create a proper GBIF download with DOI at gbif.org for citeable reference. This dataset is for preliminary analysis only.", "GBIF_Species_URL": "https://www.gbif.org/species/search?q=Pteropus%20medius", "Record_Completeness": "Excellent", "Completeness_Notes": "coordinates_present; year_present; authority_present; country_present" }, "geometry": { "type": "Point", "coordinates": [ 76.354392, 9.762845 ] } },
{ "type": "Feature", "properties": { "Record_ID": "GBIF_BAT_0165", "Binomial": "Pteropus medius", "Genus": "Pteropus", "Species_Epithet": "medius", "Subspecies": "", "Authority": "Temminck, 1825", "Scientific_Name_Full": "Pteropus medius Temminck, 1825", "Latitude": 23.827726, "Longitude": 91.298836, "Country": "India", "Country_Code": "IN", "Year_Collected": 2022.0, "GBIF_Citation": "GBIF.org (2026). GBIF Occurrence Download. Accessed via GBIF.org on 2026-04-02.", "Citation_Notes": "For publication use: Users should create a proper GBIF download with DOI at gbif.org for citeable reference. This dataset is for preliminary analysis only.", "GBIF_Species_URL": "https://www.gbif.org/species/search?q=Pteropus%20medius", "Record_Completeness": "Excellent", "Completeness_Notes": "coordinates_present; year_present; authority_present; country_present" }, "geometry": { "type": "Point", "coordinates": [ 91.298836, 23.827726 ] } },
{ "type": "Feature", "properties": { "Record_ID": "GBIF_BAT_0166", "Binomial": "Pteropus medius", "Genus": "Pteropus", "Species_Epithet": "medius", "Subspecies": "", "Authority": "Temminck, 1825", "Scientific_Name_Full": "Pteropus medius Temminck, 1825", "Latitude": 26.19101, "Longitude": 91.748016, "Country": "India", "Country_Code": "IN", "Year_Collected": 2022.0, "GBIF_Citation": "GBIF.org (2026). GBIF Occurrence Download. Accessed via GBIF.org on 2026-04-02.", "Citation_Notes": "For publication use: Users should create a proper GBIF download with DOI at gbif.org for citeable reference. This dataset is for preliminary analysis only.", "GBIF_Species_URL": "https://www.gbif.org/species/search?q=Pteropus%20medius", "Record_Completeness": "Excellent", "Completeness_Notes": "coordinates_present; year_present; authority_present; country_present" }, "geometry": { "type": "Point", "coordinates": [ 91.748016, 26.19101 ] } },
{ "type": "Feature", "properties": { "Record_ID": "GBIF_BAT_0167", "Binomial": "Pteropus medius", "Genus": "Pteropus", "Species_Epithet": "medius", "Subspecies": "", "Authority": "Temminck, 1825", "Scientific_Name_Full": "Pteropus medius Temminck, 1825", "Latitude": 9.018683, "Longitude": 76.61565, "Country": "India", "Country_Code": "IN", "Year_Collected": 2023.0, "GBIF_Citation": "GBIF.org (2026). GBIF Occurrence Download. Accessed via GBIF.org on 2026-04-02.", "Citation_Notes": "For publication use: Users should create a proper GBIF download with DOI at gbif.org for citeable reference. This dataset is for preliminary analysis only.", "GBIF_Species_URL": "https://www.gbif.org/species/search?q=Pteropus%20medius", "Record_Completeness": "Excellent", "Completeness_Notes": "coordinates_present; year_present; authority_present; country_present" }, "geometry": { "type": "Point", "coordinates": [ 76.61565, 9.018683 ] } },
{ "type": "Feature", "properties": { "Record_ID": "GBIF_BAT_0168", "Binomial": "Pteropus medius", "Genus": "Pteropus", "Species_Epithet": "medius", "Subspecies": "", "Authority": "Temminck, 1825", "Scientific_Name_Full": "Pteropus medius Temminck, 1825", "Latitude": 10.285107, "Longitude": 76.569764, "Country": "India", "Country_Code": "IN", "Year_Collected": 2023.0, "GBIF_Citation": "GBIF.org (2026). GBIF Occurrence Download. Accessed via GBIF.org on 2026-04-02.", "Citation_Notes": "For publication use: Users should create a proper GBIF download with DOI at gbif.org for citeable reference. This dataset is for preliminary analysis only.", "GBIF_Species_URL": "https://www.gbif.org/species/search?q=Pteropus%20medius", "Record_Completeness": "Excellent", "Completeness_Notes": "coordinates_present; year_present; authority_present; country_present" }, "geometry": { "type": "Point", "coordinates": [ 76.569764, 10.285107 ] } },
{ "type": "Feature", "properties": { "Record_ID": "GBIF_BAT_0169", "Binomial": "Pteropus medius", "Genus": "Pteropus", "Species_Epithet": "medius", "Subspecies": "", "Authority": "Temminck, 1825", "Scientific_Name_Full": "Pteropus medius Temminck, 1825", "Latitude": 9.13329, "Longitude": 76.689018, "Country": "India", "Country_Code": "IN", "Year_Collected": 2023.0, "GBIF_Citation": "GBIF.org (2026). GBIF Occurrence Download. Accessed via GBIF.org on 2026-04-02.", "Citation_Notes": "For publication use: Users should create a proper GBIF download with DOI at gbif.org for citeable reference. This dataset is for preliminary analysis only.", "GBIF_Species_URL": "https://www.gbif.org/species/search?q=Pteropus%20medius", "Record_Completeness": "Excellent", "Completeness_Notes": "coordinates_present; year_present; authority_present; country_present" }, "geometry": { "type": "Point", "coordinates": [ 76.689018, 9.13329 ] } },
{ "type": "Feature", "properties": { "Record_ID": "GBIF_BAT_0170", "Binomial": "Pteropus medius", "Genus": "Pteropus", "Species_Epithet": "medius", "Subspecies": "", "Authority": "Temminck, 1825", "Scientific_Name_Full": "Pteropus medius Temminck, 1825", "Latitude": 9.604018, "Longitude": 76.549458, "Country": "India", "Country_Code": "IN", "Year_Collected": 2023.0, "GBIF_Citation": "GBIF.org (2026). GBIF Occurrence Download. Accessed via GBIF.org on 2026-04-02.", "Citation_Notes": "For publication use: Users should create a proper GBIF download with DOI at gbif.org for citeable reference. This dataset is for preliminary analysis only.", "GBIF_Species_URL": "https://www.gbif.org/species/search?q=Pteropus%20medius", "Record_Completeness": "Excellent", "Completeness_Notes": "coordinates_present; year_present; authority_present; country_present" }, "geometry": { "type": "Point", "coordinates": [ 76.549458, 9.604018 ] } },
{ "type": "Feature", "properties": { "Record_ID": "GBIF_BAT_0171", "Binomial": "Pteropus medius", "Genus": "Pteropus", "Species_Epithet": "medius", "Subspecies": "", "Authority": "Temminck, 1825", "Scientific_Name_Full": "Pteropus medius Temminck, 1825", "Latitude": 24.352678, "Longitude": 92.344814, "Country": "India", "Country_Code": "IN", "Year_Collected": 2023.0, "GBIF_Citation": "GBIF.org (2026). GBIF Occurrence Download. Accessed via GBIF.org on 2026-04-02.", "Citation_Notes": "For publication use: Users should create a proper GBIF download with DOI at gbif.org for citeable reference. This dataset is for preliminary analysis only.", "GBIF_Species_URL": "https://www.gbif.org/species/search?q=Pteropus%20medius", "Record_Completeness": "Excellent", "Completeness_Notes": "coordinates_present; year_present; authority_present; country_present" }, "geometry": { "type": "Point", "coordinates": [ 92.344814, 24.352678 ] } },
{ "type": "Feature", "properties": { "Record_ID": "GBIF_BAT_0172", "Binomial": "Pteropus medius", "Genus": "Pteropus", "Species_Epithet": "medius", "Subspecies": "", "Authority": "Temminck, 1825", "Scientific_Name_Full": "Pteropus medius Temminck, 1825", "Latitude": 9.30104, "Longitude": 76.5855, "Country": "India", "Country_Code": "IN", "Year_Collected": 2023.0, "GBIF_Citation": "GBIF.org (2026). GBIF Occurrence Download. Accessed via GBIF.org on 2026-04-02.", "Citation_Notes": "For publication use: Users should create a proper GBIF download with DOI at gbif.org for citeable reference. This dataset is for preliminary analysis only.", "GBIF_Species_URL": "https://www.gbif.org/species/search?q=Pteropus%20medius", "Record_Completeness": "Excellent", "Completeness_Notes": "coordinates_present; year_present; authority_present; country_present" }, "geometry": { "type": "Point", "coordinates": [ 76.5855, 9.30104 ] } },
{ "type": "Feature", "properties": { "Record_ID": "GBIF_BAT_0173", "Binomial": "Pteropus medius", "Genus": "Pteropus", "Species_Epithet": "medius", "Subspecies": "", "Authority": "Temminck, 1825", "Scientific_Name_Full": "Pteropus medius Temminck, 1825", "Latitude": 9.576523, "Longitude": 76.437242, "Country": "India", "Country_Code": "IN", "Year_Collected": 2023.0, "GBIF_Citation": "GBIF.org (2026). GBIF Occurrence Download. Accessed via GBIF.org on 2026-04-02.", "Citation_Notes": "For publication use: Users should create a proper GBIF download with DOI at gbif.org for citeable reference. This dataset is for preliminary analysis only.", "GBIF_Species_URL": "https://www.gbif.org/species/search?q=Pteropus%20medius", "Record_Completeness": "Excellent", "Completeness_Notes": "coordinates_present; year_present; authority_present; country_present" }, "geometry": { "type": "Point", "coordinates": [ 76.437242, 9.576523 ] } },
{ "type": "Feature", "properties": { "Record_ID": "GBIF_BAT_0174", "Binomial": "Pteropus medius", "Genus": "Pteropus", "Species_Epithet": "medius", "Subspecies": "", "Authority": "Temminck, 1825", "Scientific_Name_Full": "Pteropus medius Temminck, 1825", "Latitude": 9.307235, "Longitude": 76.588381, "Country": "India", "Country_Code": "IN", "Year_Collected": 2023.0, "GBIF_Citation": "GBIF.org (2026). GBIF Occurrence Download. Accessed via GBIF.org on 2026-04-02.", "Citation_Notes": "For publication use: Users should create a proper GBIF download with DOI at gbif.org for citeable reference. This dataset is for preliminary analysis only.", "GBIF_Species_URL": "https://www.gbif.org/species/search?q=Pteropus%20medius", "Record_Completeness": "Excellent", "Completeness_Notes": "coordinates_present; year_present; authority_present; country_present" }, "geometry": { "type": "Point", "coordinates": [ 76.588381, 9.307235 ] } },
{ "type": "Feature", "properties": { "Record_ID": "GBIF_BAT_0175", "Binomial": "Pteropus medius", "Genus": "Pteropus", "Species_Epithet": "medius", "Subspecies": "", "Authority": "Temminck, 1825", "Scientific_Name_Full": "Pteropus medius Temminck, 1825", "Latitude": 9.303169, "Longitude": 76.587161, "Country": "India", "Country_Code": "IN", "Year_Collected": 2023.0, "GBIF_Citation": "GBIF.org (2026). GBIF Occurrence Download. Accessed via GBIF.org on 2026-04-02.", "Citation_Notes": "For publication use: Users should create a proper GBIF download with DOI at gbif.org for citeable reference. This dataset is for preliminary analysis only.", "GBIF_Species_URL": "https://www.gbif.org/species/search?q=Pteropus%20medius", "Record_Completeness": "Excellent", "Completeness_Notes": "coordinates_present; year_present; authority_present; country_present" }, "geometry": { "type": "Point", "coordinates": [ 76.587161, 9.303169 ] } },
{ "type": "Feature", "properties": { "Record_ID": "GBIF_BAT_0176", "Binomial": "Pteropus medius", "Genus": "Pteropus", "Species_Epithet": "medius", "Subspecies": "", "Authority": "Temminck, 1825", "Scientific_Name_Full": "Pteropus medius Temminck, 1825", "Latitude": 26.57896, "Longitude": 93.28021, "Country": "India", "Country_Code": "IN", "Year_Collected": 2023.0, "GBIF_Citation": "GBIF.org (2026). GBIF Occurrence Download. Accessed via GBIF.org on 2026-04-02.", "Citation_Notes": "For publication use: Users should create a proper GBIF download with DOI at gbif.org for citeable reference. This dataset is for preliminary analysis only.", "GBIF_Species_URL": "https://www.gbif.org/species/search?q=Pteropus%20medius", "Record_Completeness": "Excellent", "Completeness_Notes": "coordinates_present; year_present; authority_present; country_present" }, "geometry": { "type": "Point", "coordinates": [ 93.28021, 26.57896 ] } },
{ "type": "Feature", "properties": { "Record_ID": "GBIF_BAT_0177", "Binomial": "Pteropus medius", "Genus": "Pteropus", "Species_Epithet": "medius", "Subspecies": "", "Authority": "Temminck, 1825", "Scientific_Name_Full": "Pteropus medius Temminck, 1825", "Latitude": 8.410177, "Longitude": 76.976926, "Country": "India", "Country_Code": "IN", "Year_Collected": 2023.0, "GBIF_Citation": "GBIF.org (2026). GBIF Occurrence Download. Accessed via GBIF.org on 2026-04-02.", "Citation_Notes": "For publication use: Users should create a proper GBIF download with DOI at gbif.org for citeable reference. This dataset is for preliminary analysis only.", "GBIF_Species_URL": "https://www.gbif.org/species/search?q=Pteropus%20medius", "Record_Completeness": "Excellent", "Completeness_Notes": "coordinates_present; year_present; authority_present; country_present" }, "geometry": { "type": "Point", "coordinates": [ 76.976926, 8.410177 ] } },
{ "type": "Feature", "properties": { "Record_ID": "GBIF_BAT_0178", "Binomial": "Pteropus medius", "Genus": "Pteropus", "Species_Epithet": "medius", "Subspecies": "", "Authority": "Temminck, 1825", "Scientific_Name_Full": "Pteropus medius Temminck, 1825", "Latitude": 24.784269, "Longitude": 92.772844, "Country": "India", "Country_Code": "IN", "Year_Collected": 2023.0, "GBIF_Citation": "GBIF.org (2026). GBIF Occurrence Download. Accessed via GBIF.org on 2026-04-02.", "Citation_Notes": "For publication use: Users should create a proper GBIF download with DOI at gbif.org for citeable reference. This dataset is for preliminary analysis only.", "GBIF_Species_URL": "https://www.gbif.org/species/search?q=Pteropus%20medius", "Record_Completeness": "Excellent", "Completeness_Notes": "coordinates_present; year_present; authority_present; country_present" }, "geometry": { "type": "Point", "coordinates": [ 92.772844, 24.784269 ] } },
{ "type": "Feature", "properties": { "Record_ID": "GBIF_BAT_0179", "Binomial": "Pteropus medius", "Genus": "Pteropus", "Species_Epithet": "medius", "Subspecies": "", "Authority": "Temminck, 1825", "Scientific_Name_Full": "Pteropus medius Temminck, 1825", "Latitude": 24.686497, "Longitude": 92.751605, "Country": "India", "Country_Code": "IN", "Year_Collected": 2023.0, "GBIF_Citation": "GBIF.org (2026). GBIF Occurrence Download. Accessed via GBIF.org on 2026-04-02.", "Citation_Notes": "For publication use: Users should create a proper GBIF download with DOI at gbif.org for citeable reference. This dataset is for preliminary analysis only.", "GBIF_Species_URL": "https://www.gbif.org/species/search?q=Pteropus%20medius", "Record_Completeness": "Excellent", "Completeness_Notes": "coordinates_present; year_present; authority_present; country_present" }, "geometry": { "type": "Point", "coordinates": [ 92.751605, 24.686497 ] } },
{ "type": "Feature", "properties": { "Record_ID": "GBIF_BAT_0180", "Binomial": "Pteropus medius", "Genus": "Pteropus", "Species_Epithet": "medius", "Subspecies": "", "Authority": "Temminck, 1825", "Scientific_Name_Full": "Pteropus medius Temminck, 1825", "Latitude": 9.601285, "Longitude": 77.166406, "Country": "India", "Country_Code": "IN", "Year_Collected": 2023.0, "GBIF_Citation": "GBIF.org (2026). GBIF Occurrence Download. Accessed via GBIF.org on 2026-04-02.", "Citation_Notes": "For publication use: Users should create a proper GBIF download with DOI at gbif.org for citeable reference. This dataset is for preliminary analysis only.", "GBIF_Species_URL": "https://www.gbif.org/species/search?q=Pteropus%20medius", "Record_Completeness": "Excellent", "Completeness_Notes": "coordinates_present; year_present; authority_present; country_present" }, "geometry": { "type": "Point", "coordinates": [ 77.166406, 9.601285 ] } },
{ "type": "Feature", "properties": { "Record_ID": "GBIF_BAT_0181", "Binomial": "Pteropus medius", "Genus": "Pteropus", "Species_Epithet": "medius", "Subspecies": "", "Authority": "Temminck, 1825", "Scientific_Name_Full": "Pteropus medius Temminck, 1825", "Latitude": 24.710579, "Longitude": 92.712913, "Country": "India", "Country_Code": "IN", "Year_Collected": 2023.0, "GBIF_Citation": "GBIF.org (2026). GBIF Occurrence Download. Accessed via GBIF.org on 2026-04-02.", "Citation_Notes": "For publication use: Users should create a proper GBIF download with DOI at gbif.org for citeable reference. This dataset is for preliminary analysis only.", "GBIF_Species_URL": "https://www.gbif.org/species/search?q=Pteropus%20medius", "Record_Completeness": "Excellent", "Completeness_Notes": "coordinates_present; year_present; authority_present; country_present" }, "geometry": { "type": "Point", "coordinates": [ 92.712913, 24.710579 ] } },
{ "type": "Feature", "properties": { "Record_ID": "GBIF_BAT_0182", "Binomial": "Pteropus medius", "Genus": "Pteropus", "Species_Epithet": "medius", "Subspecies": "", "Authority": "Temminck, 1825", "Scientific_Name_Full": "Pteropus medius Temminck, 1825", "Latitude": 8.738647, "Longitude": 76.702912, "Country": "India", "Country_Code": "IN", "Year_Collected": 2023.0, "GBIF_Citation": "GBIF.org (2026). GBIF Occurrence Download. Accessed via GBIF.org on 2026-04-02.", "Citation_Notes": "For publication use: Users should create a proper GBIF download with DOI at gbif.org for citeable reference. This dataset is for preliminary analysis only.", "GBIF_Species_URL": "https://www.gbif.org/species/search?q=Pteropus%20medius", "Record_Completeness": "Excellent", "Completeness_Notes": "coordinates_present; year_present; authority_present; country_present" }, "geometry": { "type": "Point", "coordinates": [ 76.702912, 8.738647 ] } },
{ "type": "Feature", "properties": { "Record_ID": "GBIF_BAT_0183", "Binomial": "Pteropus medius", "Genus": "Pteropus", "Species_Epithet": "medius", "Subspecies": "", "Authority": "Temminck, 1825", "Scientific_Name_Full": "Pteropus medius Temminck, 1825", "Latitude": 9.577081, "Longitude": 76.442845, "Country": "India", "Country_Code": "IN", "Year_Collected": 2023.0, "GBIF_Citation": "GBIF.org (2026). GBIF Occurrence Download. Accessed via GBIF.org on 2026-04-02.", "Citation_Notes": "For publication use: Users should create a proper GBIF download with DOI at gbif.org for citeable reference. This dataset is for preliminary analysis only.", "GBIF_Species_URL": "https://www.gbif.org/species/search?q=Pteropus%20medius", "Record_Completeness": "Excellent", "Completeness_Notes": "coordinates_present; year_present; authority_present; country_present" }, "geometry": { "type": "Point", "coordinates": [ 76.442845, 9.577081 ] } },
{ "type": "Feature", "properties": { "Record_ID": "GBIF_BAT_0184", "Binomial": "Pteropus medius", "Genus": "Pteropus", "Species_Epithet": "medius", "Subspecies": "", "Authority": "Temminck, 1825", "Scientific_Name_Full": "Pteropus medius Temminck, 1825", "Latitude": 10.592978, "Longitude": 76.001634, "Country": "India", "Country_Code": "IN", "Year_Collected": 2023.0, "GBIF_Citation": "GBIF.org (2026). GBIF Occurrence Download. Accessed via GBIF.org on 2026-04-02.", "Citation_Notes": "For publication use: Users should create a proper GBIF download with DOI at gbif.org for citeable reference. This dataset is for preliminary analysis only.", "GBIF_Species_URL": "https://www.gbif.org/species/search?q=Pteropus%20medius", "Record_Completeness": "Excellent", "Completeness_Notes": "coordinates_present; year_present; authority_present; country_present" }, "geometry": { "type": "Point", "coordinates": [ 76.001634, 10.592978 ] } },
{ "type": "Feature", "properties": { "Record_ID": "GBIF_BAT_0185", "Binomial": "Pteropus medius", "Genus": "Pteropus", "Species_Epithet": "medius", "Subspecies": "", "Authority": "Temminck, 1825", "Scientific_Name_Full": "Pteropus medius Temminck, 1825", "Latitude": 9.647055, "Longitude": 77.176903, "Country": "India", "Country_Code": "IN", "Year_Collected": 2023.0, "GBIF_Citation": "GBIF.org (2026). GBIF Occurrence Download. Accessed via GBIF.org on 2026-04-02.", "Citation_Notes": "For publication use: Users should create a proper GBIF download with DOI at gbif.org for citeable reference. This dataset is for preliminary analysis only.", "GBIF_Species_URL": "https://www.gbif.org/species/search?q=Pteropus%20medius", "Record_Completeness": "Excellent", "Completeness_Notes": "coordinates_present; year_present; authority_present; country_present" }, "geometry": { "type": "Point", "coordinates": [ 77.176903, 9.647055 ] } },
{ "type": "Feature", "properties": { "Record_ID": "GBIF_BAT_0186", "Binomial": "Pteropus medius", "Genus": "Pteropus", "Species_Epithet": "medius", "Subspecies": "", "Authority": "Temminck, 1825", "Scientific_Name_Full": "Pteropus medius Temminck, 1825", "Latitude": 8.869709, "Longitude": 76.601137, "Country": "India", "Country_Code": "IN", "Year_Collected": 2023.0, "GBIF_Citation": "GBIF.org (2026). GBIF Occurrence Download. Accessed via GBIF.org on 2026-04-02.", "Citation_Notes": "For publication use: Users should create a proper GBIF download with DOI at gbif.org for citeable reference. This dataset is for preliminary analysis only.", "GBIF_Species_URL": "https://www.gbif.org/species/search?q=Pteropus%20medius", "Record_Completeness": "Excellent", "Completeness_Notes": "coordinates_present; year_present; authority_present; country_present" }, "geometry": { "type": "Point", "coordinates": [ 76.601137, 8.869709 ] } },
{ "type": "Feature", "properties": { "Record_ID": "GBIF_BAT_0187", "Binomial": "Pteropus medius", "Genus": "Pteropus", "Species_Epithet": "medius", "Subspecies": "", "Authority": "Temminck, 1825", "Scientific_Name_Full": "Pteropus medius Temminck, 1825", "Latitude": 11.16254, "Longitude": 75.879425, "Country": "India", "Country_Code": "IN", "Year_Collected": 2023.0, "GBIF_Citation": "GBIF.org (2026). GBIF Occurrence Download. Accessed via GBIF.org on 2026-04-02.", "Citation_Notes": "For publication use: Users should create a proper GBIF download with DOI at gbif.org for citeable reference. This dataset is for preliminary analysis only.", "GBIF_Species_URL": "https://www.gbif.org/species/search?q=Pteropus%20medius", "Record_Completeness": "Excellent", "Completeness_Notes": "coordinates_present; year_present; authority_present; country_present" }, "geometry": { "type": "Point", "coordinates": [ 75.879425, 11.16254 ] } },
{ "type": "Feature", "properties": { "Record_ID": "GBIF_BAT_0188", "Binomial": "Pteropus medius", "Genus": "Pteropus", "Species_Epithet": "medius", "Subspecies": "", "Authority": "Temminck, 1825", "Scientific_Name_Full": "Pteropus medius Temminck, 1825", "Latitude": 11.872885, "Longitude": 75.397408, "Country": "India", "Country_Code": "IN", "Year_Collected": 2023.0, "GBIF_Citation": "GBIF.org (2026). GBIF Occurrence Download. Accessed via GBIF.org on 2026-04-02.", "Citation_Notes": "For publication use: Users should create a proper GBIF download with DOI at gbif.org for citeable reference. This dataset is for preliminary analysis only.", "GBIF_Species_URL": "https://www.gbif.org/species/search?q=Pteropus%20medius", "Record_Completeness": "Excellent", "Completeness_Notes": "coordinates_present; year_present; authority_present; country_present" }, "geometry": { "type": "Point", "coordinates": [ 75.397408, 11.872885 ] } },
{ "type": "Feature", "properties": { "Record_ID": "GBIF_BAT_0189", "Binomial": "Pteropus medius", "Genus": "Pteropus", "Species_Epithet": "medius", "Subspecies": "", "Authority": "Temminck, 1825", "Scientific_Name_Full": "Pteropus medius Temminck, 1825", "Latitude": 12.674437, "Longitude": 74.909547, "Country": "India", "Country_Code": "IN", "Year_Collected": 2023.0, "GBIF_Citation": "GBIF.org (2026). GBIF Occurrence Download. Accessed via GBIF.org on 2026-04-02.", "Citation_Notes": "For publication use: Users should create a proper GBIF download with DOI at gbif.org for citeable reference. This dataset is for preliminary analysis only.", "GBIF_Species_URL": "https://www.gbif.org/species/search?q=Pteropus%20medius", "Record_Completeness": "Excellent", "Completeness_Notes": "coordinates_present; year_present; authority_present; country_present" }, "geometry": { "type": "Point", "coordinates": [ 74.909547, 12.674437 ] } },
{ "type": "Feature", "properties": { "Record_ID": "GBIF_BAT_0190", "Binomial": "Pteropus medius", "Genus": "Pteropus", "Species_Epithet": "medius", "Subspecies": "", "Authority": "Temminck, 1825", "Scientific_Name_Full": "Pteropus medius Temminck, 1825", "Latitude": 11.321495, "Longitude": 75.99529, "Country": "India", "Country_Code": "IN", "Year_Collected": 2023.0, "GBIF_Citation": "GBIF.org (2026). GBIF Occurrence Download. Accessed via GBIF.org on 2026-04-02.", "Citation_Notes": "For publication use: Users should create a proper GBIF download with DOI at gbif.org for citeable reference. This dataset is for preliminary analysis only.", "GBIF_Species_URL": "https://www.gbif.org/species/search?q=Pteropus%20medius", "Record_Completeness": "Excellent", "Completeness_Notes": "coordinates_present; year_present; authority_present; country_present" }, "geometry": { "type": "Point", "coordinates": [ 75.99529, 11.321495 ] } },
{ "type": "Feature", "properties": { "Record_ID": "GBIF_BAT_0191", "Binomial": "Pteropus medius", "Genus": "Pteropus", "Species_Epithet": "medius", "Subspecies": "", "Authority": "Temminck, 1825", "Scientific_Name_Full": "Pteropus medius Temminck, 1825", "Latitude": 11.596765, "Longitude": 76.256424, "Country": "India", "Country_Code": "IN", "Year_Collected": 2023.0, "GBIF_Citation": "GBIF.org (2026). GBIF Occurrence Download. Accessed via GBIF.org on 2026-04-02.", "Citation_Notes": "For publication use: Users should create a proper GBIF download with DOI at gbif.org for citeable reference. This dataset is for preliminary analysis only.", "GBIF_Species_URL": "https://www.gbif.org/species/search?q=Pteropus%20medius", "Record_Completeness": "Excellent", "Completeness_Notes": "coordinates_present; year_present; authority_present; country_present" }, "geometry": { "type": "Point", "coordinates": [ 76.256424, 11.596765 ] } },
{ "type": "Feature", "properties": { "Record_ID": "GBIF_BAT_0192", "Binomial": "Pteropus medius", "Genus": "Pteropus", "Species_Epithet": "medius", "Subspecies": "", "Authority": "Temminck, 1825", "Scientific_Name_Full": "Pteropus medius Temminck, 1825", "Latitude": 10.945358, "Longitude": 75.895332, "Country": "India", "Country_Code": "IN", "Year_Collected": 2023.0, "GBIF_Citation": "GBIF.org (2026). GBIF Occurrence Download. Accessed via GBIF.org on 2026-04-02.", "Citation_Notes": "For publication use: Users should create a proper GBIF download with DOI at gbif.org for citeable reference. This dataset is for preliminary analysis only.", "GBIF_Species_URL": "https://www.gbif.org/species/search?q=Pteropus%20medius", "Record_Completeness": "Excellent", "Completeness_Notes": "coordinates_present; year_present; authority_present; country_present" }, "geometry": { "type": "Point", "coordinates": [ 75.895332, 10.945358 ] } },
{ "type": "Feature", "properties": { "Record_ID": "GBIF_BAT_0193", "Binomial": "Pteropus medius", "Genus": "Pteropus", "Species_Epithet": "medius", "Subspecies": "", "Authority": "Temminck, 1825", "Scientific_Name_Full": "Pteropus medius Temminck, 1825", "Latitude": 22.572646, "Longitude": 88.363895, "Country": "India", "Country_Code": "IN", "Year_Collected": 2023.0, "GBIF_Citation": "GBIF.org (2026). GBIF Occurrence Download. Accessed via GBIF.org on 2026-04-02.", "Citation_Notes": "For publication use: Users should create a proper GBIF download with DOI at gbif.org for citeable reference. This dataset is for preliminary analysis only.", "GBIF_Species_URL": "https://www.gbif.org/species/search?q=Pteropus%20medius", "Record_Completeness": "Excellent", "Completeness_Notes": "coordinates_present; year_present; authority_present; country_present" }, "geometry": { "type": "Point", "coordinates": [ 88.363895, 22.572646 ] } },
{ "type": "Feature", "properties": { "Record_ID": "GBIF_BAT_0194", "Binomial": "Pteropus medius", "Genus": "Pteropus", "Species_Epithet": "medius", "Subspecies": "", "Authority": "Temminck, 1825", "Scientific_Name_Full": "Pteropus medius Temminck, 1825", "Latitude": 11.007653, "Longitude": 76.92771, "Country": "India", "Country_Code": "IN", "Year_Collected": 2023.0, "GBIF_Citation": "GBIF.org (2026). GBIF Occurrence Download. Accessed via GBIF.org on 2026-04-02.", "Citation_Notes": "For publication use: Users should create a proper GBIF download with DOI at gbif.org for citeable reference. This dataset is for preliminary analysis only.", "GBIF_Species_URL": "https://www.gbif.org/species/search?q=Pteropus%20medius", "Record_Completeness": "Excellent", "Completeness_Notes": "coordinates_present; year_present; authority_present; country_present" }, "geometry": { "type": "Point", "coordinates": [ 76.92771, 11.007653 ] } },
{ "type": "Feature", "properties": { "Record_ID": "GBIF_BAT_0195", "Binomial": "Pteropus medius", "Genus": "Pteropus", "Species_Epithet": "medius", "Subspecies": "", "Authority": "Temminck, 1825", "Scientific_Name_Full": "Pteropus medius Temminck, 1825", "Latitude": 25.496836, "Longitude": 90.170121, "Country": "India", "Country_Code": "IN", "Year_Collected": 2023.0, "GBIF_Citation": "GBIF.org (2026). GBIF Occurrence Download. Accessed via GBIF.org on 2026-04-02.", "Citation_Notes": "For publication use: Users should create a proper GBIF download with DOI at gbif.org for citeable reference. This dataset is for preliminary analysis only.", "GBIF_Species_URL": "https://www.gbif.org/species/search?q=Pteropus%20medius", "Record_Completeness": "Excellent", "Completeness_Notes": "coordinates_present; year_present; authority_present; country_present" }, "geometry": { "type": "Point", "coordinates": [ 90.170121, 25.496836 ] } },
{ "type": "Feature", "properties": { "Record_ID": "GBIF_BAT_0196", "Binomial": "Pteropus medius", "Genus": "Pteropus", "Species_Epithet": "medius", "Subspecies": "", "Authority": "Temminck, 1825", "Scientific_Name_Full": "Pteropus medius Temminck, 1825", "Latitude": 9.796873, "Longitude": 76.303801, "Country": "India", "Country_Code": "IN", "Year_Collected": 2023.0, "GBIF_Citation": "GBIF.org (2026). GBIF Occurrence Download. Accessed via GBIF.org on 2026-04-02.", "Citation_Notes": "For publication use: Users should create a proper GBIF download with DOI at gbif.org for citeable reference. This dataset is for preliminary analysis only.", "GBIF_Species_URL": "https://www.gbif.org/species/search?q=Pteropus%20medius", "Record_Completeness": "Excellent", "Completeness_Notes": "coordinates_present; year_present; authority_present; country_present" }, "geometry": { "type": "Point", "coordinates": [ 76.303801, 9.796873 ] } },
{ "type": "Feature", "properties": { "Record_ID": "GBIF_BAT_0197", "Binomial": "Pteropus medius", "Genus": "Pteropus", "Species_Epithet": "medius", "Subspecies": "", "Authority": "Temminck, 1825", "Scientific_Name_Full": "Pteropus medius Temminck, 1825", "Latitude": 22.988651, "Longitude": 87.005375, "Country": "India", "Country_Code": "IN", "Year_Collected": 2023.0, "GBIF_Citation": "GBIF.org (2026). GBIF Occurrence Download. Accessed via GBIF.org on 2026-04-02.", "Citation_Notes": "For publication use: Users should create a proper GBIF download with DOI at gbif.org for citeable reference. This dataset is for preliminary analysis only.", "GBIF_Species_URL": "https://www.gbif.org/species/search?q=Pteropus%20medius", "Record_Completeness": "Excellent", "Completeness_Notes": "coordinates_present; year_present; authority_present; country_present" }, "geometry": { "type": "Point", "coordinates": [ 87.005375, 22.988651 ] } },
{ "type": "Feature", "properties": { "Record_ID": "GBIF_BAT_0198", "Binomial": "Pteropus medius", "Genus": "Pteropus", "Species_Epithet": "medius", "Subspecies": "", "Authority": "Temminck, 1825", "Scientific_Name_Full": "Pteropus medius Temminck, 1825", "Latitude": 11.124185, "Longitude": 76.310192, "Country": "India", "Country_Code": "IN", "Year_Collected": 2023.0, "GBIF_Citation": "GBIF.org (2026). GBIF Occurrence Download. Accessed via GBIF.org on 2026-04-02.", "Citation_Notes": "For publication use: Users should create a proper GBIF download with DOI at gbif.org for citeable reference. This dataset is for preliminary analysis only.", "GBIF_Species_URL": "https://www.gbif.org/species/search?q=Pteropus%20medius", "Record_Completeness": "Excellent", "Completeness_Notes": "coordinates_present; year_present; authority_present; country_present" }, "geometry": { "type": "Point", "coordinates": [ 76.310192, 11.124185 ] } },
{ "type": "Feature", "properties": { "Record_ID": "GBIF_BAT_0199", "Binomial": "Pteropus medius", "Genus": "Pteropus", "Species_Epithet": "medius", "Subspecies": "", "Authority": "Temminck, 1825", "Scientific_Name_Full": "Pteropus medius Temminck, 1825", "Latitude": 22.575055, "Longitude": 88.36073, "Country": "India", "Country_Code": "IN", "Year_Collected": 2023.0, "GBIF_Citation": "GBIF.org (2026). GBIF Occurrence Download. Accessed via GBIF.org on 2026-04-02.", "Citation_Notes": "For publication use: Users should create a proper GBIF download with DOI at gbif.org for citeable reference. This dataset is for preliminary analysis only.", "GBIF_Species_URL": "https://www.gbif.org/species/search?q=Pteropus%20medius", "Record_Completeness": "Excellent", "Completeness_Notes": "coordinates_present; year_present; authority_present; country_present" }, "geometry": { "type": "Point", "coordinates": [ 88.36073, 22.575055 ] } },
{ "type": "Feature", "properties": { "Record_ID": "GBIF_BAT_0200", "Binomial": "Pteropus medius", "Genus": "Pteropus", "Species_Epithet": "medius", "Subspecies": "", "Authority": "Temminck, 1825", "Scientific_Name_Full": "Pteropus medius Temminck, 1825", "Latitude": 11.324319, "Longitude": 77.090848, "Country": "India", "Country_Code": "IN", "Year_Collected": 2023.0, "GBIF_Citation": "GBIF.org (2026). GBIF Occurrence Download. Accessed via GBIF.org on 2026-04-02.", "Citation_Notes": "For publication use: Users should create a proper GBIF download with DOI at gbif.org for citeable reference. This dataset is for preliminary analysis only.", "GBIF_Species_URL": "https://www.gbif.org/species/search?q=Pteropus%20medius", "Record_Completeness": "Excellent", "Completeness_Notes": "coordinates_present; year_present; authority_present; country_present" }, "geometry": { "type": "Point", "coordinates": [ 77.090848, 11.324319 ] } },
{ "type": "Feature", "properties": { "Record_ID": "GBIF_BAT_0201", "Binomial": "Pteropus medius", "Genus": "Pteropus", "Species_Epithet": "medius", "Subspecies": "", "Authority": "Temminck, 1825", "Scientific_Name_Full": "Pteropus medius Temminck, 1825", "Latitude": 9.804356, "Longitude": 76.320953, "Country": "India", "Country_Code": "IN", "Year_Collected": 2023.0, "GBIF_Citation": "GBIF.org (2026). GBIF Occurrence Download. Accessed via GBIF.org on 2026-04-02.", "Citation_Notes": "For publication use: Users should create a proper GBIF download with DOI at gbif.org for citeable reference. This dataset is for preliminary analysis only.", "GBIF_Species_URL": "https://www.gbif.org/species/search?q=Pteropus%20medius", "Record_Completeness": "Excellent", "Completeness_Notes": "coordinates_present; year_present; authority_present; country_present" }, "geometry": { "type": "Point", "coordinates": [ 76.320953, 9.804356 ] } },
{ "type": "Feature", "properties": { "Record_ID": "GBIF_BAT_0202", "Binomial": "Pteropus medius", "Genus": "Pteropus", "Species_Epithet": "medius", "Subspecies": "", "Authority": "Temminck, 1825", "Scientific_Name_Full": "Pteropus medius Temminck, 1825", "Latitude": 11.233289, "Longitude": 77.103556, "Country": "India", "Country_Code": "IN", "Year_Collected": 2024.0, "GBIF_Citation": "GBIF.org (2026). GBIF Occurrence Download. Accessed via GBIF.org on 2026-04-02.", "Citation_Notes": "For publication use: Users should create a proper GBIF download with DOI at gbif.org for citeable reference. This dataset is for preliminary analysis only.", "GBIF_Species_URL": "https://www.gbif.org/species/search?q=Pteropus%20medius", "Record_Completeness": "Excellent", "Completeness_Notes": "coordinates_present; year_present; authority_present; country_present" }, "geometry": { "type": "Point", "coordinates": [ 77.103556, 11.233289 ] } },
{ "type": "Feature", "properties": { "Record_ID": "GBIF_BAT_0203", "Binomial": "Pteropus medius", "Genus": "Pteropus", "Species_Epithet": "medius", "Subspecies": "", "Authority": "Temminck, 1825", "Scientific_Name_Full": "Pteropus medius Temminck, 1825", "Latitude": 9.731275, "Longitude": 76.33946, "Country": "India", "Country_Code": "IN", "Year_Collected": 2024.0, "GBIF_Citation": "GBIF.org (2026). GBIF Occurrence Download. Accessed via GBIF.org on 2026-04-02.", "Citation_Notes": "For publication use: Users should create a proper GBIF download with DOI at gbif.org for citeable reference. This dataset is for preliminary analysis only.", "GBIF_Species_URL": "https://www.gbif.org/species/search?q=Pteropus%20medius", "Record_Completeness": "Excellent", "Completeness_Notes": "coordinates_present; year_present; authority_present; country_present" }, "geometry": { "type": "Point", "coordinates": [ 76.33946, 9.731275 ] } },
{ "type": "Feature", "properties": { "Record_ID": "GBIF_BAT_0204", "Binomial": "Pteropus medius", "Genus": "Pteropus", "Species_Epithet": "medius", "Subspecies": "", "Authority": "Temminck, 1825", "Scientific_Name_Full": "Pteropus medius Temminck, 1825", "Latitude": 9.498067, "Longitude": 76.338848, "Country": "India", "Country_Code": "IN", "Year_Collected": 2024.0, "GBIF_Citation": "GBIF.org (2026). GBIF Occurrence Download. Accessed via GBIF.org on 2026-04-02.", "Citation_Notes": "For publication use: Users should create a proper GBIF download with DOI at gbif.org for citeable reference. This dataset is for preliminary analysis only.", "GBIF_Species_URL": "https://www.gbif.org/species/search?q=Pteropus%20medius", "Record_Completeness": "Excellent", "Completeness_Notes": "coordinates_present; year_present; authority_present; country_present" }, "geometry": { "type": "Point", "coordinates": [ 76.338848, 9.498067 ] } },
{ "type": "Feature", "properties": { "Record_ID": "GBIF_BAT_0205", "Binomial": "Pteropus medius", "Genus": "Pteropus", "Species_Epithet": "medius", "Subspecies": "", "Authority": "Temminck, 1825", "Scientific_Name_Full": "Pteropus medius Temminck, 1825", "Latitude": 9.620719, "Longitude": 77.159788, "Country": "India", "Country_Code": "IN", "Year_Collected": 2024.0, "GBIF_Citation": "GBIF.org (2026). GBIF Occurrence Download. Accessed via GBIF.org on 2026-04-02.", "Citation_Notes": "For publication use: Users should create a proper GBIF download with DOI at gbif.org for citeable reference. This dataset is for preliminary analysis only.", "GBIF_Species_URL": "https://www.gbif.org/species/search?q=Pteropus%20medius", "Record_Completeness": "Excellent", "Completeness_Notes": "coordinates_present; year_present; authority_present; country_present" }, "geometry": { "type": "Point", "coordinates": [ 77.159788, 9.620719 ] } },
{ "type": "Feature", "properties": { "Record_ID": "GBIF_BAT_0206", "Binomial": "Pteropus medius", "Genus": "Pteropus", "Species_Epithet": "medius", "Subspecies": "", "Authority": "Temminck, 1825", "Scientific_Name_Full": "Pteropus medius Temminck, 1825", "Latitude": 26.610432, "Longitude": 93.300422, "Country": "India", "Country_Code": "IN", "Year_Collected": 2024.0, "GBIF_Citation": "GBIF.org (2026). GBIF Occurrence Download. Accessed via GBIF.org on 2026-04-02.", "Citation_Notes": "For publication use: Users should create a proper GBIF download with DOI at gbif.org for citeable reference. This dataset is for preliminary analysis only.", "GBIF_Species_URL": "https://www.gbif.org/species/search?q=Pteropus%20medius", "Record_Completeness": "Excellent", "Completeness_Notes": "coordinates_present; year_present; authority_present; country_present" }, "geometry": { "type": "Point", "coordinates": [ 93.300422, 26.610432 ] } },
{ "type": "Feature", "properties": { "Record_ID": "GBIF_BAT_0207", "Binomial": "Pteropus medius", "Genus": "Pteropus", "Species_Epithet": "medius", "Subspecies": "", "Authority": "Temminck, 1825", "Scientific_Name_Full": "Pteropus medius Temminck, 1825", "Latitude": 9.564948, "Longitude": 76.418979, "Country": "India", "Country_Code": "IN", "Year_Collected": 2024.0, "GBIF_Citation": "GBIF.org (2026). GBIF Occurrence Download. Accessed via GBIF.org on 2026-04-02.", "Citation_Notes": "For publication use: Users should create a proper GBIF download with DOI at gbif.org for citeable reference. This dataset is for preliminary analysis only.", "GBIF_Species_URL": "https://www.gbif.org/species/search?q=Pteropus%20medius", "Record_Completeness": "Excellent", "Completeness_Notes": "coordinates_present; year_present; authority_present; country_present" }, "geometry": { "type": "Point", "coordinates": [ 76.418979, 9.564948 ] } },
{ "type": "Feature", "properties": { "Record_ID": "GBIF_BAT_0208", "Binomial": "Pteropus medius", "Genus": "Pteropus", "Species_Epithet": "medius", "Subspecies": "", "Authority": "Temminck, 1825", "Scientific_Name_Full": "Pteropus medius Temminck, 1825", "Latitude": 9.571901, "Longitude": 76.424011, "Country": "India", "Country_Code": "IN", "Year_Collected": 2024.0, "GBIF_Citation": "GBIF.org (2026). GBIF Occurrence Download. Accessed via GBIF.org on 2026-04-02.", "Citation_Notes": "For publication use: Users should create a proper GBIF download with DOI at gbif.org for citeable reference. This dataset is for preliminary analysis only.", "GBIF_Species_URL": "https://www.gbif.org/species/search?q=Pteropus%20medius", "Record_Completeness": "Excellent", "Completeness_Notes": "coordinates_present; year_present; authority_present; country_present" }, "geometry": { "type": "Point", "coordinates": [ 76.424011, 9.571901 ] } },
{ "type": "Feature", "properties": { "Record_ID": "GBIF_BAT_0209", "Binomial": "Pteropus medius", "Genus": "Pteropus", "Species_Epithet": "medius", "Subspecies": "", "Authority": "Temminck, 1825", "Scientific_Name_Full": "Pteropus medius Temminck, 1825", "Latitude": 11.278837, "Longitude": 75.77295, "Country": "India", "Country_Code": "IN", "Year_Collected": 2024.0, "GBIF_Citation": "GBIF.org (2026). GBIF Occurrence Download. Accessed via GBIF.org on 2026-04-02.", "Citation_Notes": "For publication use: Users should create a proper GBIF download with DOI at gbif.org for citeable reference. This dataset is for preliminary analysis only.", "GBIF_Species_URL": "https://www.gbif.org/species/search?q=Pteropus%20medius", "Record_Completeness": "Excellent", "Completeness_Notes": "coordinates_present; year_present; authority_present; country_present" }, "geometry": { "type": "Point", "coordinates": [ 75.77295, 11.278837 ] } },
{ "type": "Feature", "properties": { "Record_ID": "GBIF_BAT_0210", "Binomial": "Pteropus medius", "Genus": "Pteropus", "Species_Epithet": "medius", "Subspecies": "", "Authority": "Temminck, 1825", "Scientific_Name_Full": "Pteropus medius Temminck, 1825", "Latitude": 8.869253, "Longitude": 76.601533, "Country": "India", "Country_Code": "IN", "Year_Collected": 2024.0, "GBIF_Citation": "GBIF.org (2026). GBIF Occurrence Download. Accessed via GBIF.org on 2026-04-02.", "Citation_Notes": "For publication use: Users should create a proper GBIF download with DOI at gbif.org for citeable reference. This dataset is for preliminary analysis only.", "GBIF_Species_URL": "https://www.gbif.org/species/search?q=Pteropus%20medius", "Record_Completeness": "Excellent", "Completeness_Notes": "coordinates_present; year_present; authority_present; country_present" }, "geometry": { "type": "Point", "coordinates": [ 76.601533, 8.869253 ] } },
{ "type": "Feature", "properties": { "Record_ID": "GBIF_BAT_0211", "Binomial": "Pteropus medius", "Genus": "Pteropus", "Species_Epithet": "medius", "Subspecies": "", "Authority": "Temminck, 1825", "Scientific_Name_Full": "Pteropus medius Temminck, 1825", "Latitude": 11.817766, "Longitude": 75.427189, "Country": "India", "Country_Code": "IN", "Year_Collected": 2024.0, "GBIF_Citation": "GBIF.org (2026). GBIF Occurrence Download. Accessed via GBIF.org on 2026-04-02.", "Citation_Notes": "For publication use: Users should create a proper GBIF download with DOI at gbif.org for citeable reference. This dataset is for preliminary analysis only.", "GBIF_Species_URL": "https://www.gbif.org/species/search?q=Pteropus%20medius", "Record_Completeness": "Excellent", "Completeness_Notes": "coordinates_present; year_present; authority_present; country_present" }, "geometry": { "type": "Point", "coordinates": [ 75.427189, 11.817766 ] } },
{ "type": "Feature", "properties": { "Record_ID": "GBIF_BAT_0212", "Binomial": "Pteropus medius", "Genus": "Pteropus", "Species_Epithet": "medius", "Subspecies": "", "Authority": "Temminck, 1825", "Scientific_Name_Full": "Pteropus medius Temminck, 1825", "Latitude": 26.822455, "Longitude": 88.74214, "Country": "India", "Country_Code": "IN", "Year_Collected": 2024.0, "GBIF_Citation": "GBIF.org (2026). GBIF Occurrence Download. Accessed via GBIF.org on 2026-04-02.", "Citation_Notes": "For publication use: Users should create a proper GBIF download with DOI at gbif.org for citeable reference. This dataset is for preliminary analysis only.", "GBIF_Species_URL": "https://www.gbif.org/species/search?q=Pteropus%20medius", "Record_Completeness": "Excellent", "Completeness_Notes": "coordinates_present; year_present; authority_present; country_present" }, "geometry": { "type": "Point", "coordinates": [ 88.74214, 26.822455 ] } },
{ "type": "Feature", "properties": { "Record_ID": "GBIF_BAT_0213", "Binomial": "Pteropus medius", "Genus": "Pteropus", "Species_Epithet": "medius", "Subspecies": "", "Authority": "Temminck, 1825", "Scientific_Name_Full": "Pteropus medius Temminck, 1825", "Latitude": 9.990411, "Longitude": 76.272536, "Country": "India", "Country_Code": "IN", "Year_Collected": 2024.0, "GBIF_Citation": "GBIF.org (2026). GBIF Occurrence Download. Accessed via GBIF.org on 2026-04-02.", "Citation_Notes": "For publication use: Users should create a proper GBIF download with DOI at gbif.org for citeable reference. This dataset is for preliminary analysis only.", "GBIF_Species_URL": "https://www.gbif.org/species/search?q=Pteropus%20medius", "Record_Completeness": "Excellent", "Completeness_Notes": "coordinates_present; year_present; authority_present; country_present" }, "geometry": { "type": "Point", "coordinates": [ 76.272536, 9.990411 ] } },
{ "type": "Feature", "properties": { "Record_ID": "GBIF_BAT_0214", "Binomial": "Pteropus medius", "Genus": "Pteropus", "Species_Epithet": "medius", "Subspecies": "", "Authority": "Temminck, 1825", "Scientific_Name_Full": "Pteropus medius Temminck, 1825", "Latitude": 11.603989, "Longitude": 76.083083, "Country": "India", "Country_Code": "IN", "Year_Collected": 2024.0, "GBIF_Citation": "GBIF.org (2026). GBIF Occurrence Download. Accessed via GBIF.org on 2026-04-02.", "Citation_Notes": "For publication use: Users should create a proper GBIF download with DOI at gbif.org for citeable reference. This dataset is for preliminary analysis only.", "GBIF_Species_URL": "https://www.gbif.org/species/search?q=Pteropus%20medius", "Record_Completeness": "Excellent", "Completeness_Notes": "coordinates_present; year_present; authority_present; country_present" }, "geometry": { "type": "Point", "coordinates": [ 76.083083, 11.603989 ] } },
{ "type": "Feature", "properties": { "Record_ID": "GBIF_BAT_0215", "Binomial": "Pteropus medius", "Genus": "Pteropus", "Species_Epithet": "medius", "Subspecies": "", "Authority": "Temminck, 1825", "Scientific_Name_Full": "Pteropus medius Temminck, 1825", "Latitude": 10.163153, "Longitude": 76.641271, "Country": "India", "Country_Code": "IN", "Year_Collected": 2024.0, "GBIF_Citation": "GBIF.org (2026). GBIF Occurrence Download. Accessed via GBIF.org on 2026-04-02.", "Citation_Notes": "For publication use: Users should create a proper GBIF download with DOI at gbif.org for citeable reference. This dataset is for preliminary analysis only.", "GBIF_Species_URL": "https://www.gbif.org/species/search?q=Pteropus%20medius", "Record_Completeness": "Excellent", "Completeness_Notes": "coordinates_present; year_present; authority_present; country_present" }, "geometry": { "type": "Point", "coordinates": [ 76.641271, 10.163153 ] } },
{ "type": "Feature", "properties": { "Record_ID": "GBIF_BAT_0216", "Binomial": "Pteropus medius", "Genus": "Pteropus", "Species_Epithet": "medius", "Subspecies": "", "Authority": "Temminck, 1825", "Scientific_Name_Full": "Pteropus medius Temminck, 1825", "Latitude": 8.496398, "Longitude": 76.961426, "Country": "India", "Country_Code": "IN", "Year_Collected": 2024.0, "GBIF_Citation": "GBIF.org (2026). GBIF Occurrence Download. Accessed via GBIF.org on 2026-04-02.", "Citation_Notes": "For publication use: Users should create a proper GBIF download with DOI at gbif.org for citeable reference. This dataset is for preliminary analysis only.", "GBIF_Species_URL": "https://www.gbif.org/species/search?q=Pteropus%20medius", "Record_Completeness": "Excellent", "Completeness_Notes": "coordinates_present; year_present; authority_present; country_present" }, "geometry": { "type": "Point", "coordinates": [ 76.961426, 8.496398 ] } },
{ "type": "Feature", "properties": { "Record_ID": "GBIF_BAT_0217", "Binomial": "Pteropus medius", "Genus": "Pteropus", "Species_Epithet": "medius", "Subspecies": "", "Authority": "Temminck, 1825", "Scientific_Name_Full": "Pteropus medius Temminck, 1825", "Latitude": 8.907314, "Longitude": 76.577705, "Country": "India", "Country_Code": "IN", "Year_Collected": 2024.0, "GBIF_Citation": "GBIF.org (2026). GBIF Occurrence Download. Accessed via GBIF.org on 2026-04-02.", "Citation_Notes": "For publication use: Users should create a proper GBIF download with DOI at gbif.org for citeable reference. This dataset is for preliminary analysis only.", "GBIF_Species_URL": "https://www.gbif.org/species/search?q=Pteropus%20medius", "Record_Completeness": "Excellent", "Completeness_Notes": "coordinates_present; year_present; authority_present; country_present" }, "geometry": { "type": "Point", "coordinates": [ 76.577705, 8.907314 ] } },
{ "type": "Feature", "properties": { "Record_ID": "GBIF_BAT_0218", "Binomial": "Pteropus medius", "Genus": "Pteropus", "Species_Epithet": "medius", "Subspecies": "", "Authority": "Temminck, 1825", "Scientific_Name_Full": "Pteropus medius Temminck, 1825", "Latitude": 10.168682, "Longitude": 76.440458, "Country": "India", "Country_Code": "IN", "Year_Collected": 2024.0, "GBIF_Citation": "GBIF.org (2026). GBIF Occurrence Download. Accessed via GBIF.org on 2026-04-02.", "Citation_Notes": "For publication use: Users should create a proper GBIF download with DOI at gbif.org for citeable reference. This dataset is for preliminary analysis only.", "GBIF_Species_URL": "https://www.gbif.org/species/search?q=Pteropus%20medius", "Record_Completeness": "Excellent", "Completeness_Notes": "coordinates_present; year_present; authority_present; country_present" }, "geometry": { "type": "Point", "coordinates": [ 76.440458, 10.168682 ] } },
{ "type": "Feature", "properties": { "Record_ID": "GBIF_BAT_0219", "Binomial": "Pteropus medius", "Genus": "Pteropus", "Species_Epithet": "medius", "Subspecies": "", "Authority": "Temminck, 1825", "Scientific_Name_Full": "Pteropus medius Temminck, 1825", "Latitude": 9.154568, "Longitude": 76.781181, "Country": "India", "Country_Code": "IN", "Year_Collected": 2024.0, "GBIF_Citation": "GBIF.org (2026). GBIF Occurrence Download. Accessed via GBIF.org on 2026-04-02.", "Citation_Notes": "For publication use: Users should create a proper GBIF download with DOI at gbif.org for citeable reference. This dataset is for preliminary analysis only.", "GBIF_Species_URL": "https://www.gbif.org/species/search?q=Pteropus%20medius", "Record_Completeness": "Excellent", "Completeness_Notes": "coordinates_present; year_present; authority_present; country_present" }, "geometry": { "type": "Point", "coordinates": [ 76.781181, 9.154568 ] } },
{ "type": "Feature", "properties": { "Record_ID": "GBIF_BAT_0220", "Binomial": "Pteropus medius", "Genus": "Pteropus", "Species_Epithet": "medius", "Subspecies": "", "Authority": "Temminck, 1825", "Scientific_Name_Full": "Pteropus medius Temminck, 1825", "Latitude": 10.121816, "Longitude": 76.352029, "Country": "India", "Country_Code": "IN", "Year_Collected": 2024.0, "GBIF_Citation": "GBIF.org (2026). GBIF Occurrence Download. Accessed via GBIF.org on 2026-04-02.", "Citation_Notes": "For publication use: Users should create a proper GBIF download with DOI at gbif.org for citeable reference. This dataset is for preliminary analysis only.", "GBIF_Species_URL": "https://www.gbif.org/species/search?q=Pteropus%20medius", "Record_Completeness": "Excellent", "Completeness_Notes": "coordinates_present; year_present; authority_present; country_present" }, "geometry": { "type": "Point", "coordinates": [ 76.352029, 10.121816 ] } },
{ "type": "Feature", "properties": { "Record_ID": "GBIF_BAT_0221", "Binomial": "Pteropus medius", "Genus": "Pteropus", "Species_Epithet": "medius", "Subspecies": "", "Authority": "Temminck, 1825", "Scientific_Name_Full": "Pteropus medius Temminck, 1825", "Latitude": 8.552498, "Longitude": 76.910624, "Country": "India", "Country_Code": "IN", "Year_Collected": 2024.0, "GBIF_Citation": "GBIF.org (2026). GBIF Occurrence Download. Accessed via GBIF.org on 2026-04-02.", "Citation_Notes": "For publication use: Users should create a proper GBIF download with DOI at gbif.org for citeable reference. This dataset is for preliminary analysis only.", "GBIF_Species_URL": "https://www.gbif.org/species/search?q=Pteropus%20medius", "Record_Completeness": "Excellent", "Completeness_Notes": "coordinates_present; year_present; authority_present; country_present" }, "geometry": { "type": "Point", "coordinates": [ 76.910624, 8.552498 ] } },
{ "type": "Feature", "properties": { "Record_ID": "GBIF_BAT_0222", "Binomial": "Pteropus medius", "Genus": "Pteropus", "Species_Epithet": "medius", "Subspecies": "", "Authority": "Temminck, 1825", "Scientific_Name_Full": "Pteropus medius Temminck, 1825", "Latitude": 23.184705, "Longitude": 88.762852, "Country": "India", "Country_Code": "IN", "Year_Collected": 2024.0, "GBIF_Citation": "GBIF.org (2026). GBIF Occurrence Download. Accessed via GBIF.org on 2026-04-02.", "Citation_Notes": "For publication use: Users should create a proper GBIF download with DOI at gbif.org for citeable reference. This dataset is for preliminary analysis only.", "GBIF_Species_URL": "https://www.gbif.org/species/search?q=Pteropus%20medius", "Record_Completeness": "Excellent", "Completeness_Notes": "coordinates_present; year_present; authority_present; country_present" }, "geometry": { "type": "Point", "coordinates": [ 88.762852, 23.184705 ] } },
{ "type": "Feature", "properties": { "Record_ID": "GBIF_BAT_0223", "Binomial": "Pteropus medius", "Genus": "Pteropus", "Species_Epithet": "medius", "Subspecies": "", "Authority": "Temminck, 1825", "Scientific_Name_Full": "Pteropus medius Temminck, 1825", "Latitude": 9.790611, "Longitude": 76.30467, "Country": "India", "Country_Code": "IN", "Year_Collected": 2024.0, "GBIF_Citation": "GBIF.org (2026). GBIF Occurrence Download. Accessed via GBIF.org on 2026-04-02.", "Citation_Notes": "For publication use: Users should create a proper GBIF download with DOI at gbif.org for citeable reference. This dataset is for preliminary analysis only.", "GBIF_Species_URL": "https://www.gbif.org/species/search?q=Pteropus%20medius", "Record_Completeness": "Excellent", "Completeness_Notes": "coordinates_present; year_present; authority_present; country_present" }, "geometry": { "type": "Point", "coordinates": [ 76.30467, 9.790611 ] } },
{ "type": "Feature", "properties": { "Record_ID": "GBIF_BAT_0224", "Binomial": "Pteropus medius", "Genus": "Pteropus", "Species_Epithet": "medius", "Subspecies": "", "Authority": "Temminck, 1825", "Scientific_Name_Full": "Pteropus medius Temminck, 1825", "Latitude": 10.996095, "Longitude": 76.968033, "Country": "India", "Country_Code": "IN", "Year_Collected": 2024.0, "GBIF_Citation": "GBIF.org (2026). GBIF Occurrence Download. Accessed via GBIF.org on 2026-04-02.", "Citation_Notes": "For publication use: Users should create a proper GBIF download with DOI at gbif.org for citeable reference. This dataset is for preliminary analysis only.", "GBIF_Species_URL": "https://www.gbif.org/species/search?q=Pteropus%20medius", "Record_Completeness": "Excellent", "Completeness_Notes": "coordinates_present; year_present; authority_present; country_present" }, "geometry": { "type": "Point", "coordinates": [ 76.968033, 10.996095 ] } },
{ "type": "Feature", "properties": { "Record_ID": "GBIF_BAT_0225", "Binomial": "Pteropus medius", "Genus": "Pteropus", "Species_Epithet": "medius", "Subspecies": "", "Authority": "Temminck, 1825", "Scientific_Name_Full": "Pteropus medius Temminck, 1825", "Latitude": 9.792186, "Longitude": 76.302956, "Country": "India", "Country_Code": "IN", "Year_Collected": 2024.0, "GBIF_Citation": "GBIF.org (2026). GBIF Occurrence Download. Accessed via GBIF.org on 2026-04-02.", "Citation_Notes": "For publication use: Users should create a proper GBIF download with DOI at gbif.org for citeable reference. This dataset is for preliminary analysis only.", "GBIF_Species_URL": "https://www.gbif.org/species/search?q=Pteropus%20medius", "Record_Completeness": "Excellent", "Completeness_Notes": "coordinates_present; year_present; authority_present; country_present" }, "geometry": { "type": "Point", "coordinates": [ 76.302956, 9.792186 ] } },
{ "type": "Feature", "properties": { "Record_ID": "GBIF_BAT_0226", "Binomial": "Pteropus medius", "Genus": "Pteropus", "Species_Epithet": "medius", "Subspecies": "", "Authority": "Temminck, 1825", "Scientific_Name_Full": "Pteropus medius Temminck, 1825", "Latitude": 10.098259, "Longitude": 76.364893, "Country": "India", "Country_Code": "IN", "Year_Collected": 2024.0, "GBIF_Citation": "GBIF.org (2026). GBIF Occurrence Download. Accessed via GBIF.org on 2026-04-02.", "Citation_Notes": "For publication use: Users should create a proper GBIF download with DOI at gbif.org for citeable reference. This dataset is for preliminary analysis only.", "GBIF_Species_URL": "https://www.gbif.org/species/search?q=Pteropus%20medius", "Record_Completeness": "Excellent", "Completeness_Notes": "coordinates_present; year_present; authority_present; country_present" }, "geometry": { "type": "Point", "coordinates": [ 76.364893, 10.098259 ] } },
{ "type": "Feature", "properties": { "Record_ID": "GBIF_BAT_0227", "Binomial": "Pteropus medius", "Genus": "Pteropus", "Species_Epithet": "medius", "Subspecies": "", "Authority": "Temminck, 1825", "Scientific_Name_Full": "Pteropus medius Temminck, 1825", "Latitude": 9.703189, "Longitude": 76.659721, "Country": "India", "Country_Code": "IN", "Year_Collected": 2024.0, "GBIF_Citation": "GBIF.org (2026). GBIF Occurrence Download. Accessed via GBIF.org on 2026-04-02.", "Citation_Notes": "For publication use: Users should create a proper GBIF download with DOI at gbif.org for citeable reference. This dataset is for preliminary analysis only.", "GBIF_Species_URL": "https://www.gbif.org/species/search?q=Pteropus%20medius", "Record_Completeness": "Excellent", "Completeness_Notes": "coordinates_present; year_present; authority_present; country_present" }, "geometry": { "type": "Point", "coordinates": [ 76.659721, 9.703189 ] } },
{ "type": "Feature", "properties": { "Record_ID": "GBIF_BAT_0228", "Binomial": "Pteropus medius", "Genus": "Pteropus", "Species_Epithet": "medius", "Subspecies": "", "Authority": "Temminck, 1825", "Scientific_Name_Full": "Pteropus medius Temminck, 1825", "Latitude": 10.517011, "Longitude": 76.228084, "Country": "India", "Country_Code": "IN", "Year_Collected": 2024.0, "GBIF_Citation": "GBIF.org (2026). GBIF Occurrence Download. Accessed via GBIF.org on 2026-04-02.", "Citation_Notes": "For publication use: Users should create a proper GBIF download with DOI at gbif.org for citeable reference. This dataset is for preliminary analysis only.", "GBIF_Species_URL": "https://www.gbif.org/species/search?q=Pteropus%20medius", "Record_Completeness": "Excellent", "Completeness_Notes": "coordinates_present; year_present; authority_present; country_present" }, "geometry": { "type": "Point", "coordinates": [ 76.228084, 10.517011 ] } },
{ "type": "Feature", "properties": { "Record_ID": "GBIF_BAT_0229", "Binomial": "Pteropus medius", "Genus": "Pteropus", "Species_Epithet": "medius", "Subspecies": "", "Authority": "Temminck, 1825", "Scientific_Name_Full": "Pteropus medius Temminck, 1825", "Latitude": 9.522332, "Longitude": 76.356273, "Country": "India", "Country_Code": "IN", "Year_Collected": 2024.0, "GBIF_Citation": "GBIF.org (2026). GBIF Occurrence Download. Accessed via GBIF.org on 2026-04-02.", "Citation_Notes": "For publication use: Users should create a proper GBIF download with DOI at gbif.org for citeable reference. This dataset is for preliminary analysis only.", "GBIF_Species_URL": "https://www.gbif.org/species/search?q=Pteropus%20medius", "Record_Completeness": "Excellent", "Completeness_Notes": "coordinates_present; year_present; authority_present; country_present" }, "geometry": { "type": "Point", "coordinates": [ 76.356273, 9.522332 ] } },
{ "type": "Feature", "properties": { "Record_ID": "GBIF_BAT_0230", "Binomial": "Pteropus medius", "Genus": "Pteropus", "Species_Epithet": "medius", "Subspecies": "", "Authority": "Temminck, 1825", "Scientific_Name_Full": "Pteropus medius Temminck, 1825", "Latitude": 10.02565, "Longitude": 76.355233, "Country": "India", "Country_Code": "IN", "Year_Collected": 2024.0, "GBIF_Citation": "GBIF.org (2026). GBIF Occurrence Download. Accessed via GBIF.org on 2026-04-02.", "Citation_Notes": "For publication use: Users should create a proper GBIF download with DOI at gbif.org for citeable reference. This dataset is for preliminary analysis only.", "GBIF_Species_URL": "https://www.gbif.org/species/search?q=Pteropus%20medius", "Record_Completeness": "Excellent", "Completeness_Notes": "coordinates_present; year_present; authority_present; country_present" }, "geometry": { "type": "Point", "coordinates": [ 76.355233, 10.02565 ] } },
{ "type": "Feature", "properties": { "Record_ID": "GBIF_BAT_0231", "Binomial": "Pteropus medius", "Genus": "Pteropus", "Species_Epithet": "medius", "Subspecies": "", "Authority": "Temminck, 1825", "Scientific_Name_Full": "Pteropus medius Temminck, 1825", "Latitude": 10.022536, "Longitude": 77.034104, "Country": "India", "Country_Code": "IN", "Year_Collected": 2024.0, "GBIF_Citation": "GBIF.org (2026). GBIF Occurrence Download. Accessed via GBIF.org on 2026-04-02.", "Citation_Notes": "For publication use: Users should create a proper GBIF download with DOI at gbif.org for citeable reference. This dataset is for preliminary analysis only.", "GBIF_Species_URL": "https://www.gbif.org/species/search?q=Pteropus%20medius", "Record_Completeness": "Excellent", "Completeness_Notes": "coordinates_present; year_present; authority_present; country_present" }, "geometry": { "type": "Point", "coordinates": [ 77.034104, 10.022536 ] } },
{ "type": "Feature", "properties": { "Record_ID": "GBIF_BAT_0232", "Binomial": "Pteropus medius", "Genus": "Pteropus", "Species_Epithet": "medius", "Subspecies": "", "Authority": "Temminck, 1825", "Scientific_Name_Full": "Pteropus medius Temminck, 1825", "Latitude": 9.985638, "Longitude": 76.2786, "Country": "India", "Country_Code": "IN", "Year_Collected": 2024.0, "GBIF_Citation": "GBIF.org (2026). GBIF Occurrence Download. Accessed via GBIF.org on 2026-04-02.", "Citation_Notes": "For publication use: Users should create a proper GBIF download with DOI at gbif.org for citeable reference. This dataset is for preliminary analysis only.", "GBIF_Species_URL": "https://www.gbif.org/species/search?q=Pteropus%20medius", "Record_Completeness": "Excellent", "Completeness_Notes": "coordinates_present; year_present; authority_present; country_present" }, "geometry": { "type": "Point", "coordinates": [ 76.2786, 9.985638 ] } },
{ "type": "Feature", "properties": { "Record_ID": "GBIF_BAT_0233", "Binomial": "Pteropus medius", "Genus": "Pteropus", "Species_Epithet": "medius", "Subspecies": "", "Authority": "Temminck, 1825", "Scientific_Name_Full": "Pteropus medius Temminck, 1825", "Latitude": 11.275871, "Longitude": 75.764248, "Country": "India", "Country_Code": "IN", "Year_Collected": 2024.0, "GBIF_Citation": "GBIF.org (2026). GBIF Occurrence Download. Accessed via GBIF.org on 2026-04-02.", "Citation_Notes": "For publication use: Users should create a proper GBIF download with DOI at gbif.org for citeable reference. This dataset is for preliminary analysis only.", "GBIF_Species_URL": "https://www.gbif.org/species/search?q=Pteropus%20medius", "Record_Completeness": "Excellent", "Completeness_Notes": "coordinates_present; year_present; authority_present; country_present" }, "geometry": { "type": "Point", "coordinates": [ 75.764248, 11.275871 ] } },
{ "type": "Feature", "properties": { "Record_ID": "GBIF_BAT_0234", "Binomial": "Pteropus medius", "Genus": "Pteropus", "Species_Epithet": "medius", "Subspecies": "", "Authority": "Temminck, 1825", "Scientific_Name_Full": "Pteropus medius Temminck, 1825", "Latitude": 9.792644, "Longitude": 76.304411, "Country": "India", "Country_Code": "IN", "Year_Collected": 2024.0, "GBIF_Citation": "GBIF.org (2026). GBIF Occurrence Download. Accessed via GBIF.org on 2026-04-02.", "Citation_Notes": "For publication use: Users should create a proper GBIF download with DOI at gbif.org for citeable reference. This dataset is for preliminary analysis only.", "GBIF_Species_URL": "https://www.gbif.org/species/search?q=Pteropus%20medius", "Record_Completeness": "Excellent", "Completeness_Notes": "coordinates_present; year_present; authority_present; country_present" }, "geometry": { "type": "Point", "coordinates": [ 76.304411, 9.792644 ] } },
{ "type": "Feature", "properties": { "Record_ID": "GBIF_BAT_0235", "Binomial": "Pteropus medius", "Genus": "Pteropus", "Species_Epithet": "medius", "Subspecies": "", "Authority": "Temminck, 1825", "Scientific_Name_Full": "Pteropus medius Temminck, 1825", "Latitude": 9.978586, "Longitude": 76.336498, "Country": "India", "Country_Code": "IN", "Year_Collected": 2024.0, "GBIF_Citation": "GBIF.org (2026). GBIF Occurrence Download. Accessed via GBIF.org on 2026-04-02.", "Citation_Notes": "For publication use: Users should create a proper GBIF download with DOI at gbif.org for citeable reference. This dataset is for preliminary analysis only.", "GBIF_Species_URL": "https://www.gbif.org/species/search?q=Pteropus%20medius", "Record_Completeness": "Excellent", "Completeness_Notes": "coordinates_present; year_present; authority_present; country_present" }, "geometry": { "type": "Point", "coordinates": [ 76.336498, 9.978586 ] } },
{ "type": "Feature", "properties": { "Record_ID": "GBIF_BAT_0236", "Binomial": "Pteropus medius", "Genus": "Pteropus", "Species_Epithet": "medius", "Subspecies": "", "Authority": "Temminck, 1825", "Scientific_Name_Full": "Pteropus medius Temminck, 1825", "Latitude": 24.43202, "Longitude": 92.330689, "Country": "India", "Country_Code": "IN", "Year_Collected": 2024.0, "GBIF_Citation": "GBIF.org (2026). GBIF Occurrence Download. Accessed via GBIF.org on 2026-04-02.", "Citation_Notes": "For publication use: Users should create a proper GBIF download with DOI at gbif.org for citeable reference. This dataset is for preliminary analysis only.", "GBIF_Species_URL": "https://www.gbif.org/species/search?q=Pteropus%20medius", "Record_Completeness": "Excellent", "Completeness_Notes": "coordinates_present; year_present; authority_present; country_present" }, "geometry": { "type": "Point", "coordinates": [ 92.330689, 24.43202 ] } },
{ "type": "Feature", "properties": { "Record_ID": "GBIF_BAT_0237", "Binomial": "Pteropus medius", "Genus": "Pteropus", "Species_Epithet": "medius", "Subspecies": "", "Authority": "Temminck, 1825", "Scientific_Name_Full": "Pteropus medius Temminck, 1825", "Latitude": 10.51441, "Longitude": 76.219003, "Country": "India", "Country_Code": "IN", "Year_Collected": 2024.0, "GBIF_Citation": "GBIF.org (2026). GBIF Occurrence Download. Accessed via GBIF.org on 2026-04-02.", "Citation_Notes": "For publication use: Users should create a proper GBIF download with DOI at gbif.org for citeable reference. This dataset is for preliminary analysis only.", "GBIF_Species_URL": "https://www.gbif.org/species/search?q=Pteropus%20medius", "Record_Completeness": "Excellent", "Completeness_Notes": "coordinates_present; year_present; authority_present; country_present" }, "geometry": { "type": "Point", "coordinates": [ 76.219003, 10.51441 ] } },
{ "type": "Feature", "properties": { "Record_ID": "GBIF_BAT_0238", "Binomial": "Pteropus medius", "Genus": "Pteropus", "Species_Epithet": "medius", "Subspecies": "", "Authority": "Temminck, 1825", "Scientific_Name_Full": "Pteropus medius Temminck, 1825", "Latitude": 26.168994, "Longitude": 90.543363, "Country": "India", "Country_Code": "IN", "Year_Collected": 2024.0, "GBIF_Citation": "GBIF.org (2026). GBIF Occurrence Download. Accessed via GBIF.org on 2026-04-02.", "Citation_Notes": "For publication use: Users should create a proper GBIF download with DOI at gbif.org for citeable reference. This dataset is for preliminary analysis only.", "GBIF_Species_URL": "https://www.gbif.org/species/search?q=Pteropus%20medius", "Record_Completeness": "Excellent", "Completeness_Notes": "coordinates_present; year_present; authority_present; country_present" }, "geometry": { "type": "Point", "coordinates": [ 90.543363, 26.168994 ] } },
{ "type": "Feature", "properties": { "Record_ID": "GBIF_BAT_0239", "Binomial": "Pteropus medius", "Genus": "Pteropus", "Species_Epithet": "medius", "Subspecies": "", "Authority": "Temminck, 1825", "Scientific_Name_Full": "Pteropus medius Temminck, 1825", "Latitude": 26.188611, "Longitude": 91.742973, "Country": "India", "Country_Code": "IN", "Year_Collected": 2024.0, "GBIF_Citation": "GBIF.org (2026). GBIF Occurrence Download. Accessed via GBIF.org on 2026-04-02.", "Citation_Notes": "For publication use: Users should create a proper GBIF download with DOI at gbif.org for citeable reference. This dataset is for preliminary analysis only.", "GBIF_Species_URL": "https://www.gbif.org/species/search?q=Pteropus%20medius", "Record_Completeness": "Excellent", "Completeness_Notes": "coordinates_present; year_present; authority_present; country_present" }, "geometry": { "type": "Point", "coordinates": [ 91.742973, 26.188611 ] } },
{ "type": "Feature", "properties": { "Record_ID": "GBIF_BAT_0240", "Binomial": "Pteropus medius", "Genus": "Pteropus", "Species_Epithet": "medius", "Subspecies": "", "Authority": "Temminck, 1825", "Scientific_Name_Full": "Pteropus medius Temminck, 1825", "Latitude": 8.312775, "Longitude": 77.079422, "Country": "India", "Country_Code": "IN", "Year_Collected": 2024.0, "GBIF_Citation": "GBIF.org (2026). GBIF Occurrence Download. Accessed via GBIF.org on 2026-04-02.", "Citation_Notes": "For publication use: Users should create a proper GBIF download with DOI at gbif.org for citeable reference. This dataset is for preliminary analysis only.", "GBIF_Species_URL": "https://www.gbif.org/species/search?q=Pteropus%20medius", "Record_Completeness": "Excellent", "Completeness_Notes": "coordinates_present; year_present; authority_present; country_present" }, "geometry": { "type": "Point", "coordinates": [ 77.079422, 8.312775 ] } },
{ "type": "Feature", "properties": { "Record_ID": "GBIF_BAT_0241", "Binomial": "Pteropus medius", "Genus": "Pteropus", "Species_Epithet": "medius", "Subspecies": "", "Authority": "Temminck, 1825", "Scientific_Name_Full": "Pteropus medius Temminck, 1825", "Latitude": 9.859078, "Longitude": 76.282717, "Country": "India", "Country_Code": "IN", "Year_Collected": 2024.0, "GBIF_Citation": "GBIF.org (2026). GBIF Occurrence Download. Accessed via GBIF.org on 2026-04-02.", "Citation_Notes": "For publication use: Users should create a proper GBIF download with DOI at gbif.org for citeable reference. This dataset is for preliminary analysis only.", "GBIF_Species_URL": "https://www.gbif.org/species/search?q=Pteropus%20medius", "Record_Completeness": "Excellent", "Completeness_Notes": "coordinates_present; year_present; authority_present; country_present" }, "geometry": { "type": "Point", "coordinates": [ 76.282717, 9.859078 ] } },
{ "type": "Feature", "properties": { "Record_ID": "GBIF_BAT_0242", "Binomial": "Pteropus medius", "Genus": "Pteropus", "Species_Epithet": "medius", "Subspecies": "", "Authority": "Temminck, 1825", "Scientific_Name_Full": "Pteropus medius Temminck, 1825", "Latitude": 11.233456, "Longitude": 77.102901, "Country": "India", "Country_Code": "IN", "Year_Collected": 2024.0, "GBIF_Citation": "GBIF.org (2026). GBIF Occurrence Download. Accessed via GBIF.org on 2026-04-02.", "Citation_Notes": "For publication use: Users should create a proper GBIF download with DOI at gbif.org for citeable reference. This dataset is for preliminary analysis only.", "GBIF_Species_URL": "https://www.gbif.org/species/search?q=Pteropus%20medius", "Record_Completeness": "Excellent", "Completeness_Notes": "coordinates_present; year_present; authority_present; country_present" }, "geometry": { "type": "Point", "coordinates": [ 77.102901, 11.233456 ] } },
{ "type": "Feature", "properties": { "Record_ID": "GBIF_BAT_0243", "Binomial": "Pteropus medius", "Genus": "Pteropus", "Species_Epithet": "medius", "Subspecies": "", "Authority": "Temminck, 1825", "Scientific_Name_Full": "Pteropus medius Temminck, 1825", "Latitude": 23.175793, "Longitude": 88.096438, "Country": "India", "Country_Code": "IN", "Year_Collected": 2024.0, "GBIF_Citation": "GBIF.org (2026). GBIF Occurrence Download. Accessed via GBIF.org on 2026-04-02.", "Citation_Notes": "For publication use: Users should create a proper GBIF download with DOI at gbif.org for citeable reference. This dataset is for preliminary analysis only.", "GBIF_Species_URL": "https://www.gbif.org/species/search?q=Pteropus%20medius", "Record_Completeness": "Excellent", "Completeness_Notes": "coordinates_present; year_present; authority_present; country_present" }, "geometry": { "type": "Point", "coordinates": [ 88.096438, 23.175793 ] } },
{ "type": "Feature", "properties": { "Record_ID": "GBIF_BAT_0244", "Binomial": "Pteropus medius", "Genus": "Pteropus", "Species_Epithet": "medius", "Subspecies": "", "Authority": "Temminck, 1825", "Scientific_Name_Full": "Pteropus medius Temminck, 1825", "Latitude": 26.573178, "Longitude": 93.229819, "Country": "India", "Country_Code": "IN", "Year_Collected": 2024.0, "GBIF_Citation": "GBIF.org (2026). GBIF Occurrence Download. Accessed via GBIF.org on 2026-04-02.", "Citation_Notes": "For publication use: Users should create a proper GBIF download with DOI at gbif.org for citeable reference. This dataset is for preliminary analysis only.", "GBIF_Species_URL": "https://www.gbif.org/species/search?q=Pteropus%20medius", "Record_Completeness": "Excellent", "Completeness_Notes": "coordinates_present; year_present; authority_present; country_present" }, "geometry": { "type": "Point", "coordinates": [ 93.229819, 26.573178 ] } },
{ "type": "Feature", "properties": { "Record_ID": "GBIF_BAT_0245", "Binomial": "Pteropus medius", "Genus": "Pteropus", "Species_Epithet": "medius", "Subspecies": "", "Authority": "Temminck, 1825", "Scientific_Name_Full": "Pteropus medius Temminck, 1825", "Latitude": 9.728411, "Longitude": 76.309879, "Country": "India", "Country_Code": "IN", "Year_Collected": 2024.0, "GBIF_Citation": "GBIF.org (2026). GBIF Occurrence Download. Accessed via GBIF.org on 2026-04-02.", "Citation_Notes": "For publication use: Users should create a proper GBIF download with DOI at gbif.org for citeable reference. This dataset is for preliminary analysis only.", "GBIF_Species_URL": "https://www.gbif.org/species/search?q=Pteropus%20medius", "Record_Completeness": "Excellent", "Completeness_Notes": "coordinates_present; year_present; authority_present; country_present" }, "geometry": { "type": "Point", "coordinates": [ 76.309879, 9.728411 ] } },
{ "type": "Feature", "properties": { "Record_ID": "GBIF_BAT_0246", "Binomial": "Pteropus medius", "Genus": "Pteropus", "Species_Epithet": "medius", "Subspecies": "", "Authority": "Temminck, 1825", "Scientific_Name_Full": "Pteropus medius Temminck, 1825", "Latitude": 10.798972, "Longitude": 76.637562, "Country": "India", "Country_Code": "IN", "Year_Collected": 2024.0, "GBIF_Citation": "GBIF.org (2026). GBIF Occurrence Download. Accessed via GBIF.org on 2026-04-02.", "Citation_Notes": "For publication use: Users should create a proper GBIF download with DOI at gbif.org for citeable reference. This dataset is for preliminary analysis only.", "GBIF_Species_URL": "https://www.gbif.org/species/search?q=Pteropus%20medius", "Record_Completeness": "Excellent", "Completeness_Notes": "coordinates_present; year_present; authority_present; country_present" }, "geometry": { "type": "Point", "coordinates": [ 76.637562, 10.798972 ] } },
{ "type": "Feature", "properties": { "Record_ID": "GBIF_BAT_0247", "Binomial": "Pteropus medius", "Genus": "Pteropus", "Species_Epithet": "medius", "Subspecies": "", "Authority": "Temminck, 1825", "Scientific_Name_Full": "Pteropus medius Temminck, 1825", "Latitude": 26.580833, "Longitude": 93.338889, "Country": "India", "Country_Code": "IN", "Year_Collected": 2024.0, "GBIF_Citation": "GBIF.org (2026). GBIF Occurrence Download. Accessed via GBIF.org on 2026-04-02.", "Citation_Notes": "For publication use: Users should create a proper GBIF download with DOI at gbif.org for citeable reference. This dataset is for preliminary analysis only.", "GBIF_Species_URL": "https://www.gbif.org/species/search?q=Pteropus%20medius", "Record_Completeness": "Excellent", "Completeness_Notes": "coordinates_present; year_present; authority_present; country_present" }, "geometry": { "type": "Point", "coordinates": [ 93.338889, 26.580833 ] } },
{ "type": "Feature", "properties": { "Record_ID": "GBIF_BAT_0248", "Binomial": "Pteropus medius", "Genus": "Pteropus", "Species_Epithet": "medius", "Subspecies": "", "Authority": "Temminck, 1825", "Scientific_Name_Full": "Pteropus medius Temminck, 1825", "Latitude": 12.04099, "Longitude": 75.209982, "Country": "India", "Country_Code": "IN", "Year_Collected": 2024.0, "GBIF_Citation": "GBIF.org (2026). GBIF Occurrence Download. Accessed via GBIF.org on 2026-04-02.", "Citation_Notes": "For publication use: Users should create a proper GBIF download with DOI at gbif.org for citeable reference. This dataset is for preliminary analysis only.", "GBIF_Species_URL": "https://www.gbif.org/species/search?q=Pteropus%20medius", "Record_Completeness": "Excellent", "Completeness_Notes": "coordinates_present; year_present; authority_present; country_present" }, "geometry": { "type": "Point", "coordinates": [ 75.209982, 12.04099 ] } },
{ "type": "Feature", "properties": { "Record_ID": "GBIF_BAT_0249", "Binomial": "Pteropus medius", "Genus": "Pteropus", "Species_Epithet": "medius", "Subspecies": "", "Authority": "Temminck, 1825", "Scientific_Name_Full": "Pteropus medius Temminck, 1825", "Latitude": 10.561314, "Longitude": 76.11025, "Country": "India", "Country_Code": "IN", "Year_Collected": 2024.0, "GBIF_Citation": "GBIF.org (2026). GBIF Occurrence Download. Accessed via GBIF.org on 2026-04-02.", "Citation_Notes": "For publication use: Users should create a proper GBIF download with DOI at gbif.org for citeable reference. This dataset is for preliminary analysis only.", "GBIF_Species_URL": "https://www.gbif.org/species/search?q=Pteropus%20medius", "Record_Completeness": "Excellent", "Completeness_Notes": "coordinates_present; year_present; authority_present; country_present" }, "geometry": { "type": "Point", "coordinates": [ 76.11025, 10.561314 ] } },
{ "type": "Feature", "properties": { "Record_ID": "GBIF_BAT_0250", "Binomial": "Pteropus medius", "Genus": "Pteropus", "Species_Epithet": "medius", "Subspecies": "", "Authority": "Temminck, 1825", "Scientific_Name_Full": "Pteropus medius Temminck, 1825", "Latitude": 26.18797, "Longitude": 91.742194, "Country": "India", "Country_Code": "IN", "Year_Collected": 2024.0, "GBIF_Citation": "GBIF.org (2026). GBIF Occurrence Download. Accessed via GBIF.org on 2026-04-02.", "Citation_Notes": "For publication use: Users should create a proper GBIF download with DOI at gbif.org for citeable reference. This dataset is for preliminary analysis only.", "GBIF_Species_URL": "https://www.gbif.org/species/search?q=Pteropus%20medius", "Record_Completeness": "Excellent", "Completeness_Notes": "coordinates_present; year_present; authority_present; country_present" }, "geometry": { "type": "Point", "coordinates": [ 91.742194, 26.18797 ] } },
{ "type": "Feature", "properties": { "Record_ID": "GBIF_BAT_0251", "Binomial": "Pteropus medius", "Genus": "Pteropus", "Species_Epithet": "medius", "Subspecies": "", "Authority": "Temminck, 1825", "Scientific_Name_Full": "Pteropus medius Temminck, 1825", "Latitude": 8.683374, "Longitude": 76.780529, "Country": "India", "Country_Code": "IN", "Year_Collected": 2024.0, "GBIF_Citation": "GBIF.org (2026). GBIF Occurrence Download. Accessed via GBIF.org on 2026-04-02.", "Citation_Notes": "For publication use: Users should create a proper GBIF download with DOI at gbif.org for citeable reference. This dataset is for preliminary analysis only.", "GBIF_Species_URL": "https://www.gbif.org/species/search?q=Pteropus%20medius", "Record_Completeness": "Excellent", "Completeness_Notes": "coordinates_present; year_present; authority_present; country_present" }, "geometry": { "type": "Point", "coordinates": [ 76.780529, 8.683374 ] } },
{ "type": "Feature", "properties": { "Record_ID": "GBIF_BAT_0252", "Binomial": "Pteropus medius", "Genus": "Pteropus", "Species_Epithet": "medius", "Subspecies": "", "Authority": "Temminck, 1825", "Scientific_Name_Full": "Pteropus medius Temminck, 1825", "Latitude": 8.681788, "Longitude": 76.78016, "Country": "India", "Country_Code": "IN", "Year_Collected": 2024.0, "GBIF_Citation": "GBIF.org (2026). GBIF Occurrence Download. Accessed via GBIF.org on 2026-04-02.", "Citation_Notes": "For publication use: Users should create a proper GBIF download with DOI at gbif.org for citeable reference. This dataset is for preliminary analysis only.", "GBIF_Species_URL": "https://www.gbif.org/species/search?q=Pteropus%20medius", "Record_Completeness": "Excellent", "Completeness_Notes": "coordinates_present; year_present; authority_present; country_present" }, "geometry": { "type": "Point", "coordinates": [ 76.78016, 8.681788 ] } },
{ "type": "Feature", "properties": { "Record_ID": "GBIF_BAT_0253", "Binomial": "Pteropus medius", "Genus": "Pteropus", "Species_Epithet": "medius", "Subspecies": "", "Authority": "Temminck, 1825", "Scientific_Name_Full": "Pteropus medius Temminck, 1825", "Latitude": 9.632459, "Longitude": 76.424474, "Country": "India", "Country_Code": "IN", "Year_Collected": 2024.0, "GBIF_Citation": "GBIF.org (2026). GBIF Occurrence Download. Accessed via GBIF.org on 2026-04-02.", "Citation_Notes": "For publication use: Users should create a proper GBIF download with DOI at gbif.org for citeable reference. This dataset is for preliminary analysis only.", "GBIF_Species_URL": "https://www.gbif.org/species/search?q=Pteropus%20medius", "Record_Completeness": "Excellent", "Completeness_Notes": "coordinates_present; year_present; authority_present; country_present" }, "geometry": { "type": "Point", "coordinates": [ 76.424474, 9.632459 ] } },
{ "type": "Feature", "properties": { "Record_ID": "GBIF_BAT_0254", "Binomial": "Pteropus medius", "Genus": "Pteropus", "Species_Epithet": "medius", "Subspecies": "", "Authority": "Temminck, 1825", "Scientific_Name_Full": "Pteropus medius Temminck, 1825", "Latitude": 9.581551, "Longitude": 76.421998, "Country": "India", "Country_Code": "IN", "Year_Collected": 2024.0, "GBIF_Citation": "GBIF.org (2026). GBIF Occurrence Download. Accessed via GBIF.org on 2026-04-02.", "Citation_Notes": "For publication use: Users should create a proper GBIF download with DOI at gbif.org for citeable reference. This dataset is for preliminary analysis only.", "GBIF_Species_URL": "https://www.gbif.org/species/search?q=Pteropus%20medius", "Record_Completeness": "Excellent", "Completeness_Notes": "coordinates_present; year_present; authority_present; country_present" }, "geometry": { "type": "Point", "coordinates": [ 76.421998, 9.581551 ] } },
{ "type": "Feature", "properties": { "Record_ID": "GBIF_BAT_0255", "Binomial": "Pteropus medius", "Genus": "Pteropus", "Species_Epithet": "medius", "Subspecies": "", "Authority": "Temminck, 1825", "Scientific_Name_Full": "Pteropus medius Temminck, 1825", "Latitude": 9.790264, "Longitude": 76.304654, "Country": "India", "Country_Code": "IN", "Year_Collected": 2025.0, "GBIF_Citation": "GBIF.org (2026). GBIF Occurrence Download. Accessed via GBIF.org on 2026-04-02.", "Citation_Notes": "For publication use: Users should create a proper GBIF download with DOI at gbif.org for citeable reference. This dataset is for preliminary analysis only.", "GBIF_Species_URL": "https://www.gbif.org/species/search?q=Pteropus%20medius", "Record_Completeness": "Excellent", "Completeness_Notes": "coordinates_present; year_present; authority_present; country_present" }, "geometry": { "type": "Point", "coordinates": [ 76.304654, 9.790264 ] } },
{ "type": "Feature", "properties": { "Record_ID": "GBIF_BAT_0256", "Binomial": "Pteropus medius", "Genus": "Pteropus", "Species_Epithet": "medius", "Subspecies": "", "Authority": "Temminck, 1825", "Scientific_Name_Full": "Pteropus medius Temminck, 1825", "Latitude": 9.801069, "Longitude": 76.27749, "Country": "India", "Country_Code": "IN", "Year_Collected": 2025.0, "GBIF_Citation": "GBIF.org (2026). GBIF Occurrence Download. Accessed via GBIF.org on 2026-04-02.", "Citation_Notes": "For publication use: Users should create a proper GBIF download with DOI at gbif.org for citeable reference. This dataset is for preliminary analysis only.", "GBIF_Species_URL": "https://www.gbif.org/species/search?q=Pteropus%20medius", "Record_Completeness": "Excellent", "Completeness_Notes": "coordinates_present; year_present; authority_present; country_present" }, "geometry": { "type": "Point", "coordinates": [ 76.27749, 9.801069 ] } },
{ "type": "Feature", "properties": { "Record_ID": "GBIF_BAT_0257", "Binomial": "Pteropus medius", "Genus": "Pteropus", "Species_Epithet": "medius", "Subspecies": "", "Authority": "Temminck, 1825", "Scientific_Name_Full": "Pteropus medius Temminck, 1825", "Latitude": 9.793985, "Longitude": 76.302344, "Country": "India", "Country_Code": "IN", "Year_Collected": 2025.0, "GBIF_Citation": "GBIF.org (2026). GBIF Occurrence Download. Accessed via GBIF.org on 2026-04-02.", "Citation_Notes": "For publication use: Users should create a proper GBIF download with DOI at gbif.org for citeable reference. This dataset is for preliminary analysis only.", "GBIF_Species_URL": "https://www.gbif.org/species/search?q=Pteropus%20medius", "Record_Completeness": "Excellent", "Completeness_Notes": "coordinates_present; year_present; authority_present; country_present" }, "geometry": { "type": "Point", "coordinates": [ 76.302344, 9.793985 ] } },
{ "type": "Feature", "properties": { "Record_ID": "GBIF_BAT_0258", "Binomial": "Pteropus medius", "Genus": "Pteropus", "Species_Epithet": "medius", "Subspecies": "", "Authority": "Temminck, 1825", "Scientific_Name_Full": "Pteropus medius Temminck, 1825", "Latitude": 9.641085, "Longitude": 76.420415, "Country": "India", "Country_Code": "IN", "Year_Collected": 2025.0, "GBIF_Citation": "GBIF.org (2026). GBIF Occurrence Download. Accessed via GBIF.org on 2026-04-02.", "Citation_Notes": "For publication use: Users should create a proper GBIF download with DOI at gbif.org for citeable reference. This dataset is for preliminary analysis only.", "GBIF_Species_URL": "https://www.gbif.org/species/search?q=Pteropus%20medius", "Record_Completeness": "Excellent", "Completeness_Notes": "coordinates_present; year_present; authority_present; country_present" }, "geometry": { "type": "Point", "coordinates": [ 76.420415, 9.641085 ] } },
{ "type": "Feature", "properties": { "Record_ID": "GBIF_BAT_0259", "Binomial": "Pteropus medius", "Genus": "Pteropus", "Species_Epithet": "medius", "Subspecies": "", "Authority": "Temminck, 1825", "Scientific_Name_Full": "Pteropus medius Temminck, 1825", "Latitude": 25.468967, "Longitude": 91.927106, "Country": "India", "Country_Code": "IN", "Year_Collected": 2025.0, "GBIF_Citation": "GBIF.org (2026). GBIF Occurrence Download. Accessed via GBIF.org on 2026-04-02.", "Citation_Notes": "For publication use: Users should create a proper GBIF download with DOI at gbif.org for citeable reference. This dataset is for preliminary analysis only.", "GBIF_Species_URL": "https://www.gbif.org/species/search?q=Pteropus%20medius", "Record_Completeness": "Excellent", "Completeness_Notes": "coordinates_present; year_present; authority_present; country_present" }, "geometry": { "type": "Point", "coordinates": [ 91.927106, 25.468967 ] } },
{ "type": "Feature", "properties": { "Record_ID": "GBIF_BAT_0260", "Binomial": "Pteropus medius", "Genus": "Pteropus", "Species_Epithet": "medius", "Subspecies": "", "Authority": "Temminck, 1825", "Scientific_Name_Full": "Pteropus medius Temminck, 1825", "Latitude": 9.814682, "Longitude": 76.304096, "Country": "India", "Country_Code": "IN", "Year_Collected": 2025.0, "GBIF_Citation": "GBIF.org (2026). GBIF Occurrence Download. Accessed via GBIF.org on 2026-04-02.", "Citation_Notes": "For publication use: Users should create a proper GBIF download with DOI at gbif.org for citeable reference. This dataset is for preliminary analysis only.", "GBIF_Species_URL": "https://www.gbif.org/species/search?q=Pteropus%20medius", "Record_Completeness": "Excellent", "Completeness_Notes": "coordinates_present; year_present; authority_present; country_present" }, "geometry": { "type": "Point", "coordinates": [ 76.304096, 9.814682 ] } },
{ "type": "Feature", "properties": { "Record_ID": "GBIF_BAT_0261", "Binomial": "Pteropus medius", "Genus": "Pteropus", "Species_Epithet": "medius", "Subspecies": "", "Authority": "Temminck, 1825", "Scientific_Name_Full": "Pteropus medius Temminck, 1825", "Latitude": 9.606161, "Longitude": 76.333567, "Country": "India", "Country_Code": "IN", "Year_Collected": 2025.0, "GBIF_Citation": "GBIF.org (2026). GBIF Occurrence Download. Accessed via GBIF.org on 2026-04-02.", "Citation_Notes": "For publication use: Users should create a proper GBIF download with DOI at gbif.org for citeable reference. This dataset is for preliminary analysis only.", "GBIF_Species_URL": "https://www.gbif.org/species/search?q=Pteropus%20medius", "Record_Completeness": "Excellent", "Completeness_Notes": "coordinates_present; year_present; authority_present; country_present" }, "geometry": { "type": "Point", "coordinates": [ 76.333567, 9.606161 ] } },
{ "type": "Feature", "properties": { "Record_ID": "GBIF_BAT_0262", "Binomial": "Pteropus medius", "Genus": "Pteropus", "Species_Epithet": "medius", "Subspecies": "", "Authority": "Temminck, 1825", "Scientific_Name_Full": "Pteropus medius Temminck, 1825", "Latitude": 9.641326, "Longitude": 76.42627, "Country": "India", "Country_Code": "IN", "Year_Collected": 2025.0, "GBIF_Citation": "GBIF.org (2026). GBIF Occurrence Download. Accessed via GBIF.org on 2026-04-02.", "Citation_Notes": "For publication use: Users should create a proper GBIF download with DOI at gbif.org for citeable reference. This dataset is for preliminary analysis only.", "GBIF_Species_URL": "https://www.gbif.org/species/search?q=Pteropus%20medius", "Record_Completeness": "Excellent", "Completeness_Notes": "coordinates_present; year_present; authority_present; country_present" }, "geometry": { "type": "Point", "coordinates": [ 76.42627, 9.641326 ] } },
{ "type": "Feature", "properties": { "Record_ID": "GBIF_BAT_0263", "Binomial": "Pteropus medius", "Genus": "Pteropus", "Species_Epithet": "medius", "Subspecies": "", "Authority": "Temminck, 1825", "Scientific_Name_Full": "Pteropus medius Temminck, 1825", "Latitude": 10.10519, "Longitude": 76.346868, "Country": "India", "Country_Code": "IN", "Year_Collected": 2025.0, "GBIF_Citation": "GBIF.org (2026). GBIF Occurrence Download. Accessed via GBIF.org on 2026-04-02.", "Citation_Notes": "For publication use: Users should create a proper GBIF download with DOI at gbif.org for citeable reference. This dataset is for preliminary analysis only.", "GBIF_Species_URL": "https://www.gbif.org/species/search?q=Pteropus%20medius", "Record_Completeness": "Excellent", "Completeness_Notes": "coordinates_present; year_present; authority_present; country_present" }, "geometry": { "type": "Point", "coordinates": [ 76.346868, 10.10519 ] } },
{ "type": "Feature", "properties": { "Record_ID": "GBIF_BAT_0264", "Binomial": "Pteropus medius", "Genus": "Pteropus", "Species_Epithet": "medius", "Subspecies": "", "Authority": "Temminck, 1825", "Scientific_Name_Full": "Pteropus medius Temminck, 1825", "Latitude": 26.640349, "Longitude": 93.607483, "Country": "India", "Country_Code": "IN", "Year_Collected": 2025.0, "GBIF_Citation": "GBIF.org (2026). GBIF Occurrence Download. Accessed via GBIF.org on 2026-04-02.", "Citation_Notes": "For publication use: Users should create a proper GBIF download with DOI at gbif.org for citeable reference. This dataset is for preliminary analysis only.", "GBIF_Species_URL": "https://www.gbif.org/species/search?q=Pteropus%20medius", "Record_Completeness": "Excellent", "Completeness_Notes": "coordinates_present; year_present; authority_present; country_present" }, "geometry": { "type": "Point", "coordinates": [ 93.607483, 26.640349 ] } },
{ "type": "Feature", "properties": { "Record_ID": "GBIF_BAT_0265", "Binomial": "Pteropus medius", "Genus": "Pteropus", "Species_Epithet": "medius", "Subspecies": "", "Authority": "Temminck, 1825", "Scientific_Name_Full": "Pteropus medius Temminck, 1825", "Latitude": 10.53334, "Longitude": 76.367523, "Country": "India", "Country_Code": "IN", "Year_Collected": 2025.0, "GBIF_Citation": "GBIF.org (2026). GBIF Occurrence Download. Accessed via GBIF.org on 2026-04-02.", "Citation_Notes": "For publication use: Users should create a proper GBIF download with DOI at gbif.org for citeable reference. This dataset is for preliminary analysis only.", "GBIF_Species_URL": "https://www.gbif.org/species/search?q=Pteropus%20medius", "Record_Completeness": "Excellent", "Completeness_Notes": "coordinates_present; year_present; authority_present; country_present" }, "geometry": { "type": "Point", "coordinates": [ 76.367523, 10.53334 ] } },
{ "type": "Feature", "properties": { "Record_ID": "GBIF_BAT_0266", "Binomial": "Pteropus medius", "Genus": "Pteropus", "Species_Epithet": "medius", "Subspecies": "", "Authority": "Temminck, 1825", "Scientific_Name_Full": "Pteropus medius Temminck, 1825", "Latitude": 9.494895, "Longitude": 76.36155, "Country": "India", "Country_Code": "IN", "Year_Collected": 2025.0, "GBIF_Citation": "GBIF.org (2026). GBIF Occurrence Download. Accessed via GBIF.org on 2026-04-02.", "Citation_Notes": "For publication use: Users should create a proper GBIF download with DOI at gbif.org for citeable reference. This dataset is for preliminary analysis only.", "GBIF_Species_URL": "https://www.gbif.org/species/search?q=Pteropus%20medius", "Record_Completeness": "Excellent", "Completeness_Notes": "coordinates_present; year_present; authority_present; country_present" }, "geometry": { "type": "Point", "coordinates": [ 76.36155, 9.494895 ] } },
{ "type": "Feature", "properties": { "Record_ID": "GBIF_BAT_0267", "Binomial": "Pteropus medius", "Genus": "Pteropus", "Species_Epithet": "medius", "Subspecies": "", "Authority": "Temminck, 1825", "Scientific_Name_Full": "Pteropus medius Temminck, 1825", "Latitude": 11.749842, "Longitude": 75.507191, "Country": "India", "Country_Code": "IN", "Year_Collected": 2025.0, "GBIF_Citation": "GBIF.org (2026). GBIF Occurrence Download. Accessed via GBIF.org on 2026-04-02.", "Citation_Notes": "For publication use: Users should create a proper GBIF download with DOI at gbif.org for citeable reference. This dataset is for preliminary analysis only.", "GBIF_Species_URL": "https://www.gbif.org/species/search?q=Pteropus%20medius", "Record_Completeness": "Excellent", "Completeness_Notes": "coordinates_present; year_present; authority_present; country_present" }, "geometry": { "type": "Point", "coordinates": [ 75.507191, 11.749842 ] } },
{ "type": "Feature", "properties": { "Record_ID": "GBIF_BAT_0268", "Binomial": "Pteropus medius", "Genus": "Pteropus", "Species_Epithet": "medius", "Subspecies": "", "Authority": "Temminck, 1825", "Scientific_Name_Full": "Pteropus medius Temminck, 1825", "Latitude": 10.153226, "Longitude": 76.337679, "Country": "India", "Country_Code": "IN", "Year_Collected": 2025.0, "GBIF_Citation": "GBIF.org (2026). GBIF Occurrence Download. Accessed via GBIF.org on 2026-04-02.", "Citation_Notes": "For publication use: Users should create a proper GBIF download with DOI at gbif.org for citeable reference. This dataset is for preliminary analysis only.", "GBIF_Species_URL": "https://www.gbif.org/species/search?q=Pteropus%20medius", "Record_Completeness": "Excellent", "Completeness_Notes": "coordinates_present; year_present; authority_present; country_present" }, "geometry": { "type": "Point", "coordinates": [ 76.337679, 10.153226 ] } },
{ "type": "Feature", "properties": { "Record_ID": "GBIF_BAT_0269", "Binomial": "Pteropus medius", "Genus": "Pteropus", "Species_Epithet": "medius", "Subspecies": "", "Authority": "Temminck, 1825", "Scientific_Name_Full": "Pteropus medius Temminck, 1825", "Latitude": 9.602226, "Longitude": 77.167115, "Country": "India", "Country_Code": "IN", "Year_Collected": 2025.0, "GBIF_Citation": "GBIF.org (2026). GBIF Occurrence Download. Accessed via GBIF.org on 2026-04-02.", "Citation_Notes": "For publication use: Users should create a proper GBIF download with DOI at gbif.org for citeable reference. This dataset is for preliminary analysis only.", "GBIF_Species_URL": "https://www.gbif.org/species/search?q=Pteropus%20medius", "Record_Completeness": "Excellent", "Completeness_Notes": "coordinates_present; year_present; authority_present; country_present" }, "geometry": { "type": "Point", "coordinates": [ 77.167115, 9.602226 ] } },
{ "type": "Feature", "properties": { "Record_ID": "GBIF_BAT_0270", "Binomial": "Pteropus medius", "Genus": "Pteropus", "Species_Epithet": "medius", "Subspecies": "", "Authority": "Temminck, 1825", "Scientific_Name_Full": "Pteropus medius Temminck, 1825", "Latitude": 9.596841, "Longitude": 76.520667, "Country": "India", "Country_Code": "IN", "Year_Collected": 2025.0, "GBIF_Citation": "GBIF.org (2026). GBIF Occurrence Download. Accessed via GBIF.org on 2026-04-02.", "Citation_Notes": "For publication use: Users should create a proper GBIF download with DOI at gbif.org for citeable reference. This dataset is for preliminary analysis only.", "GBIF_Species_URL": "https://www.gbif.org/species/search?q=Pteropus%20medius", "Record_Completeness": "Excellent", "Completeness_Notes": "coordinates_present; year_present; authority_present; country_present" }, "geometry": { "type": "Point", "coordinates": [ 76.520667, 9.596841 ] } },
{ "type": "Feature", "properties": { "Record_ID": "GBIF_BAT_0271", "Binomial": "Pteropus medius", "Genus": "Pteropus", "Species_Epithet": "medius", "Subspecies": "", "Authority": "Temminck, 1825", "Scientific_Name_Full": "Pteropus medius Temminck, 1825", "Latitude": 11.867189, "Longitude": 75.378242, "Country": "India", "Country_Code": "IN", "Year_Collected": 2025.0, "GBIF_Citation": "GBIF.org (2026). GBIF Occurrence Download. Accessed via GBIF.org on 2026-04-02.", "Citation_Notes": "For publication use: Users should create a proper GBIF download with DOI at gbif.org for citeable reference. This dataset is for preliminary analysis only.", "GBIF_Species_URL": "https://www.gbif.org/species/search?q=Pteropus%20medius", "Record_Completeness": "Excellent", "Completeness_Notes": "coordinates_present; year_present; authority_present; country_present" }, "geometry": { "type": "Point", "coordinates": [ 75.378242, 11.867189 ] } },
{ "type": "Feature", "properties": { "Record_ID": "GBIF_BAT_0272", "Binomial": "Pteropus medius", "Genus": "Pteropus", "Species_Epithet": "medius", "Subspecies": "", "Authority": "Temminck, 1825", "Scientific_Name_Full": "Pteropus medius Temminck, 1825", "Latitude": 9.779711, "Longitude": 76.324288, "Country": "India", "Country_Code": "IN", "Year_Collected": 2025.0, "GBIF_Citation": "GBIF.org (2026). GBIF Occurrence Download. Accessed via GBIF.org on 2026-04-02.", "Citation_Notes": "For publication use: Users should create a proper GBIF download with DOI at gbif.org for citeable reference. This dataset is for preliminary analysis only.", "GBIF_Species_URL": "https://www.gbif.org/species/search?q=Pteropus%20medius", "Record_Completeness": "Excellent", "Completeness_Notes": "coordinates_present; year_present; authority_present; country_present" }, "geometry": { "type": "Point", "coordinates": [ 76.324288, 9.779711 ] } },
{ "type": "Feature", "properties": { "Record_ID": "GBIF_BAT_0273", "Binomial": "Pteropus medius", "Genus": "Pteropus", "Species_Epithet": "medius", "Subspecies": "", "Authority": "Temminck, 1825", "Scientific_Name_Full": "Pteropus medius Temminck, 1825", "Latitude": 24.163438, "Longitude": 92.036267, "Country": "India", "Country_Code": "IN", "Year_Collected": 2025.0, "GBIF_Citation": "GBIF.org (2026). GBIF Occurrence Download. Accessed via GBIF.org on 2026-04-02.", "Citation_Notes": "For publication use: Users should create a proper GBIF download with DOI at gbif.org for citeable reference. This dataset is for preliminary analysis only.", "GBIF_Species_URL": "https://www.gbif.org/species/search?q=Pteropus%20medius", "Record_Completeness": "Excellent", "Completeness_Notes": "coordinates_present; year_present; authority_present; country_present" }, "geometry": { "type": "Point", "coordinates": [ 92.036267, 24.163438 ] } },
{ "type": "Feature", "properties": { "Record_ID": "GBIF_BAT_0274", "Binomial": "Pteropus medius", "Genus": "Pteropus", "Species_Epithet": "medius", "Subspecies": "", "Authority": "Temminck, 1825", "Scientific_Name_Full": "Pteropus medius Temminck, 1825", "Latitude": 9.812565, "Longitude": 76.300268, "Country": "India", "Country_Code": "IN", "Year_Collected": 2025.0, "GBIF_Citation": "GBIF.org (2026). GBIF Occurrence Download. Accessed via GBIF.org on 2026-04-02.", "Citation_Notes": "For publication use: Users should create a proper GBIF download with DOI at gbif.org for citeable reference. This dataset is for preliminary analysis only.", "GBIF_Species_URL": "https://www.gbif.org/species/search?q=Pteropus%20medius", "Record_Completeness": "Excellent", "Completeness_Notes": "coordinates_present; year_present; authority_present; country_present" }, "geometry": { "type": "Point", "coordinates": [ 76.300268, 9.812565 ] } },
{ "type": "Feature", "properties": { "Record_ID": "GBIF_BAT_0275", "Binomial": "Pteropus medius", "Genus": "Pteropus", "Species_Epithet": "medius", "Subspecies": "", "Authority": "Temminck, 1825", "Scientific_Name_Full": "Pteropus medius Temminck, 1825", "Latitude": 9.602999, "Longitude": 77.167716, "Country": "India", "Country_Code": "IN", "Year_Collected": 2025.0, "GBIF_Citation": "GBIF.org (2026). GBIF Occurrence Download. Accessed via GBIF.org on 2026-04-02.", "Citation_Notes": "For publication use: Users should create a proper GBIF download with DOI at gbif.org for citeable reference. This dataset is for preliminary analysis only.", "GBIF_Species_URL": "https://www.gbif.org/species/search?q=Pteropus%20medius", "Record_Completeness": "Excellent", "Completeness_Notes": "coordinates_present; year_present; authority_present; country_present" }, "geometry": { "type": "Point", "coordinates": [ 77.167716, 9.602999 ] } },
{ "type": "Feature", "properties": { "Record_ID": "GBIF_BAT_0276", "Binomial": "Pteropus medius", "Genus": "Pteropus", "Species_Epithet": "medius", "Subspecies": "", "Authority": "Temminck, 1825", "Scientific_Name_Full": "Pteropus medius Temminck, 1825", "Latitude": 8.490969, "Longitude": 76.972479, "Country": "India", "Country_Code": "IN", "Year_Collected": 2025.0, "GBIF_Citation": "GBIF.org (2026). GBIF Occurrence Download. Accessed via GBIF.org on 2026-04-02.", "Citation_Notes": "For publication use: Users should create a proper GBIF download with DOI at gbif.org for citeable reference. This dataset is for preliminary analysis only.", "GBIF_Species_URL": "https://www.gbif.org/species/search?q=Pteropus%20medius", "Record_Completeness": "Excellent", "Completeness_Notes": "coordinates_present; year_present; authority_present; country_present" }, "geometry": { "type": "Point", "coordinates": [ 76.972479, 8.490969 ] } },
{ "type": "Feature", "properties": { "Record_ID": "GBIF_BAT_0277", "Binomial": "Pteropus medius", "Genus": "Pteropus", "Species_Epithet": "medius", "Subspecies": "", "Authority": "Temminck, 1825", "Scientific_Name_Full": "Pteropus medius Temminck, 1825", "Latitude": 9.792305, "Longitude": 76.304263, "Country": "India", "Country_Code": "IN", "Year_Collected": 2025.0, "GBIF_Citation": "GBIF.org (2026). GBIF Occurrence Download. Accessed via GBIF.org on 2026-04-02.", "Citation_Notes": "For publication use: Users should create a proper GBIF download with DOI at gbif.org for citeable reference. This dataset is for preliminary analysis only.", "GBIF_Species_URL": "https://www.gbif.org/species/search?q=Pteropus%20medius", "Record_Completeness": "Excellent", "Completeness_Notes": "coordinates_present; year_present; authority_present; country_present" }, "geometry": { "type": "Point", "coordinates": [ 76.304263, 9.792305 ] } },
{ "type": "Feature", "properties": { "Record_ID": "GBIF_BAT_0278", "Binomial": "Pteropus medius", "Genus": "Pteropus", "Species_Epithet": "medius", "Subspecies": "", "Authority": "Temminck, 1825", "Scientific_Name_Full": "Pteropus medius Temminck, 1825", "Latitude": 11.752336, "Longitude": 75.55847, "Country": "India", "Country_Code": "IN", "Year_Collected": 2025.0, "GBIF_Citation": "GBIF.org (2026). GBIF Occurrence Download. Accessed via GBIF.org on 2026-04-02.", "Citation_Notes": "For publication use: Users should create a proper GBIF download with DOI at gbif.org for citeable reference. This dataset is for preliminary analysis only.", "GBIF_Species_URL": "https://www.gbif.org/species/search?q=Pteropus%20medius", "Record_Completeness": "Excellent", "Completeness_Notes": "coordinates_present; year_present; authority_present; country_present" }, "geometry": { "type": "Point", "coordinates": [ 75.55847, 11.752336 ] } },
{ "type": "Feature", "properties": { "Record_ID": "GBIF_BAT_0279", "Binomial": "Pteropus medius", "Genus": "Pteropus", "Species_Epithet": "medius", "Subspecies": "", "Authority": "Temminck, 1825", "Scientific_Name_Full": "Pteropus medius Temminck, 1825", "Latitude": 8.5318, "Longitude": 77.056611, "Country": "India", "Country_Code": "IN", "Year_Collected": 2025.0, "GBIF_Citation": "GBIF.org (2026). GBIF Occurrence Download. Accessed via GBIF.org on 2026-04-02.", "Citation_Notes": "For publication use: Users should create a proper GBIF download with DOI at gbif.org for citeable reference. This dataset is for preliminary analysis only.", "GBIF_Species_URL": "https://www.gbif.org/species/search?q=Pteropus%20medius", "Record_Completeness": "Excellent", "Completeness_Notes": "coordinates_present; year_present; authority_present; country_present" }, "geometry": { "type": "Point", "coordinates": [ 77.056611, 8.5318 ] } },
{ "type": "Feature", "properties": { "Record_ID": "GBIF_BAT_0280", "Binomial": "Pteropus medius", "Genus": "Pteropus", "Species_Epithet": "medius", "Subspecies": "", "Authority": "Temminck, 1825", "Scientific_Name_Full": "Pteropus medius Temminck, 1825", "Latitude": 8.569128, "Longitude": 76.983123, "Country": "India", "Country_Code": "IN", "Year_Collected": 2025.0, "GBIF_Citation": "GBIF.org (2026). GBIF Occurrence Download. Accessed via GBIF.org on 2026-04-02.", "Citation_Notes": "For publication use: Users should create a proper GBIF download with DOI at gbif.org for citeable reference. This dataset is for preliminary analysis only.", "GBIF_Species_URL": "https://www.gbif.org/species/search?q=Pteropus%20medius", "Record_Completeness": "Excellent", "Completeness_Notes": "coordinates_present; year_present; authority_present; country_present" }, "geometry": { "type": "Point", "coordinates": [ 76.983123, 8.569128 ] } },
{ "type": "Feature", "properties": { "Record_ID": "GBIF_BAT_0281", "Binomial": "Pteropus medius", "Genus": "Pteropus", "Species_Epithet": "medius", "Subspecies": "", "Authority": "Temminck, 1825", "Scientific_Name_Full": "Pteropus medius Temminck, 1825", "Latitude": 23.646218, "Longitude": 88.121505, "Country": "India", "Country_Code": "IN", "Year_Collected": 2025.0, "GBIF_Citation": "GBIF.org (2026). GBIF Occurrence Download. Accessed via GBIF.org on 2026-04-02.", "Citation_Notes": "For publication use: Users should create a proper GBIF download with DOI at gbif.org for citeable reference. This dataset is for preliminary analysis only.", "GBIF_Species_URL": "https://www.gbif.org/species/search?q=Pteropus%20medius", "Record_Completeness": "Excellent", "Completeness_Notes": "coordinates_present; year_present; authority_present; country_present" }, "geometry": { "type": "Point", "coordinates": [ 88.121505, 23.646218 ] } },
{ "type": "Feature", "properties": { "Record_ID": "GBIF_BAT_0282", "Binomial": "Pteropus medius", "Genus": "Pteropus", "Species_Epithet": "medius", "Subspecies": "", "Authority": "Temminck, 1825", "Scientific_Name_Full": "Pteropus medius Temminck, 1825", "Latitude": 9.762769, "Longitude": 76.29038, "Country": "India", "Country_Code": "IN", "Year_Collected": 2025.0, "GBIF_Citation": "GBIF.org (2026). GBIF Occurrence Download. Accessed via GBIF.org on 2026-04-02.", "Citation_Notes": "For publication use: Users should create a proper GBIF download with DOI at gbif.org for citeable reference. This dataset is for preliminary analysis only.", "GBIF_Species_URL": "https://www.gbif.org/species/search?q=Pteropus%20medius", "Record_Completeness": "Excellent", "Completeness_Notes": "coordinates_present; year_present; authority_present; country_present" }, "geometry": { "type": "Point", "coordinates": [ 76.29038, 9.762769 ] } },
{ "type": "Feature", "properties": { "Record_ID": "GBIF_BAT_0283", "Binomial": "Pteropus medius", "Genus": "Pteropus", "Species_Epithet": "medius", "Subspecies": "", "Authority": "Temminck, 1825", "Scientific_Name_Full": "Pteropus medius Temminck, 1825", "Latitude": 9.790414, "Longitude": 76.304022, "Country": "India", "Country_Code": "IN", "Year_Collected": 2025.0, "GBIF_Citation": "GBIF.org (2026). GBIF Occurrence Download. Accessed via GBIF.org on 2026-04-02.", "Citation_Notes": "For publication use: Users should create a proper GBIF download with DOI at gbif.org for citeable reference. This dataset is for preliminary analysis only.", "GBIF_Species_URL": "https://www.gbif.org/species/search?q=Pteropus%20medius", "Record_Completeness": "Excellent", "Completeness_Notes": "coordinates_present; year_present; authority_present; country_present" }, "geometry": { "type": "Point", "coordinates": [ 76.304022, 9.790414 ] } },
{ "type": "Feature", "properties": { "Record_ID": "GBIF_BAT_0284", "Binomial": "Pteropus medius", "Genus": "Pteropus", "Species_Epithet": "medius", "Subspecies": "", "Authority": "Temminck, 1825", "Scientific_Name_Full": "Pteropus medius Temminck, 1825", "Latitude": 10.985039, "Longitude": 77.036579, "Country": "India", "Country_Code": "IN", "Year_Collected": 2025.0, "GBIF_Citation": "GBIF.org (2026). GBIF Occurrence Download. Accessed via GBIF.org on 2026-04-02.", "Citation_Notes": "For publication use: Users should create a proper GBIF download with DOI at gbif.org for citeable reference. This dataset is for preliminary analysis only.", "GBIF_Species_URL": "https://www.gbif.org/species/search?q=Pteropus%20medius", "Record_Completeness": "Excellent", "Completeness_Notes": "coordinates_present; year_present; authority_present; country_present" }, "geometry": { "type": "Point", "coordinates": [ 77.036579, 10.985039 ] } },
{ "type": "Feature", "properties": { "Record_ID": "GBIF_BAT_0285", "Binomial": "Pteropus medius", "Genus": "Pteropus", "Species_Epithet": "medius", "Subspecies": "", "Authority": "Temminck, 1825", "Scientific_Name_Full": "Pteropus medius Temminck, 1825", "Latitude": 9.976711, "Longitude": 76.578285, "Country": "India", "Country_Code": "IN", "Year_Collected": 2025.0, "GBIF_Citation": "GBIF.org (2026). GBIF Occurrence Download. Accessed via GBIF.org on 2026-04-02.", "Citation_Notes": "For publication use: Users should create a proper GBIF download with DOI at gbif.org for citeable reference. This dataset is for preliminary analysis only.", "GBIF_Species_URL": "https://www.gbif.org/species/search?q=Pteropus%20medius", "Record_Completeness": "Excellent", "Completeness_Notes": "coordinates_present; year_present; authority_present; country_present" }, "geometry": { "type": "Point", "coordinates": [ 76.578285, 9.976711 ] } },
{ "type": "Feature", "properties": { "Record_ID": "GBIF_BAT_0286", "Binomial": "Pteropus medius", "Genus": "Pteropus", "Species_Epithet": "medius", "Subspecies": "", "Authority": "Temminck, 1825", "Scientific_Name_Full": "Pteropus medius Temminck, 1825", "Latitude": 11.015331, "Longitude": 76.936137, "Country": "India", "Country_Code": "IN", "Year_Collected": 2025.0, "GBIF_Citation": "GBIF.org (2026). GBIF Occurrence Download. Accessed via GBIF.org on 2026-04-02.", "Citation_Notes": "For publication use: Users should create a proper GBIF download with DOI at gbif.org for citeable reference. This dataset is for preliminary analysis only.", "GBIF_Species_URL": "https://www.gbif.org/species/search?q=Pteropus%20medius", "Record_Completeness": "Excellent", "Completeness_Notes": "coordinates_present; year_present; authority_present; country_present" }, "geometry": { "type": "Point", "coordinates": [ 76.936137, 11.015331 ] } },
{ "type": "Feature", "properties": { "Record_ID": "GBIF_BAT_0287", "Binomial": "Pteropus medius", "Genus": "Pteropus", "Species_Epithet": "medius", "Subspecies": "", "Authority": "Temminck, 1825", "Scientific_Name_Full": "Pteropus medius Temminck, 1825", "Latitude": 10.999759, "Longitude": 76.942625, "Country": "India", "Country_Code": "IN", "Year_Collected": 2025.0, "GBIF_Citation": "GBIF.org (2026). GBIF Occurrence Download. Accessed via GBIF.org on 2026-04-02.", "Citation_Notes": "For publication use: Users should create a proper GBIF download with DOI at gbif.org for citeable reference. This dataset is for preliminary analysis only.", "GBIF_Species_URL": "https://www.gbif.org/species/search?q=Pteropus%20medius", "Record_Completeness": "Excellent", "Completeness_Notes": "coordinates_present; year_present; authority_present; country_present" }, "geometry": { "type": "Point", "coordinates": [ 76.942625, 10.999759 ] } },
{ "type": "Feature", "properties": { "Record_ID": "GBIF_BAT_0288", "Binomial": "Pteropus medius", "Genus": "Pteropus", "Species_Epithet": "medius", "Subspecies": "", "Authority": "Temminck, 1825", "Scientific_Name_Full": "Pteropus medius Temminck, 1825", "Latitude": 9.587976, "Longitude": 76.431315, "Country": "India", "Country_Code": "IN", "Year_Collected": 2025.0, "GBIF_Citation": "GBIF.org (2026). GBIF Occurrence Download. Accessed via GBIF.org on 2026-04-02.", "Citation_Notes": "For publication use: Users should create a proper GBIF download with DOI at gbif.org for citeable reference. This dataset is for preliminary analysis only.", "GBIF_Species_URL": "https://www.gbif.org/species/search?q=Pteropus%20medius", "Record_Completeness": "Excellent", "Completeness_Notes": "coordinates_present; year_present; authority_present; country_present" }, "geometry": { "type": "Point", "coordinates": [ 76.431315, 9.587976 ] } },
{ "type": "Feature", "properties": { "Record_ID": "GBIF_BAT_0289", "Binomial": "Pteropus medius", "Genus": "Pteropus", "Species_Epithet": "medius", "Subspecies": "", "Authority": "Temminck, 1825", "Scientific_Name_Full": "Pteropus medius Temminck, 1825", "Latitude": 8.558763, "Longitude": 76.907859, "Country": "India", "Country_Code": "IN", "Year_Collected": 2025.0, "GBIF_Citation": "GBIF.org (2026). GBIF Occurrence Download. Accessed via GBIF.org on 2026-04-02.", "Citation_Notes": "For publication use: Users should create a proper GBIF download with DOI at gbif.org for citeable reference. This dataset is for preliminary analysis only.", "GBIF_Species_URL": "https://www.gbif.org/species/search?q=Pteropus%20medius", "Record_Completeness": "Excellent", "Completeness_Notes": "coordinates_present; year_present; authority_present; country_present" }, "geometry": { "type": "Point", "coordinates": [ 76.907859, 8.558763 ] } },
{ "type": "Feature", "properties": { "Record_ID": "GBIF_BAT_0290", "Binomial": "Pteropus medius", "Genus": "Pteropus", "Species_Epithet": "medius", "Subspecies": "", "Authority": "Temminck, 1825", "Scientific_Name_Full": "Pteropus medius Temminck, 1825", "Latitude": 10.056094, "Longitude": 76.328078, "Country": "India", "Country_Code": "IN", "Year_Collected": 2025.0, "GBIF_Citation": "GBIF.org (2026). GBIF Occurrence Download. Accessed via GBIF.org on 2026-04-02.", "Citation_Notes": "For publication use: Users should create a proper GBIF download with DOI at gbif.org for citeable reference. This dataset is for preliminary analysis only.", "GBIF_Species_URL": "https://www.gbif.org/species/search?q=Pteropus%20medius", "Record_Completeness": "Excellent", "Completeness_Notes": "coordinates_present; year_present; authority_present; country_present" }, "geometry": { "type": "Point", "coordinates": [ 76.328078, 10.056094 ] } },
{ "type": "Feature", "properties": { "Record_ID": "GBIF_BAT_0291", "Binomial": "Pteropus medius", "Genus": "Pteropus", "Species_Epithet": "medius", "Subspecies": "", "Authority": "Temminck, 1825", "Scientific_Name_Full": "Pteropus medius Temminck, 1825", "Latitude": 8.870185, "Longitude": 76.601887, "Country": "India", "Country_Code": "IN", "Year_Collected": 2025.0, "GBIF_Citation": "GBIF.org (2026). GBIF Occurrence Download. Accessed via GBIF.org on 2026-04-02.", "Citation_Notes": "For publication use: Users should create a proper GBIF download with DOI at gbif.org for citeable reference. This dataset is for preliminary analysis only.", "GBIF_Species_URL": "https://www.gbif.org/species/search?q=Pteropus%20medius", "Record_Completeness": "Excellent", "Completeness_Notes": "coordinates_present; year_present; authority_present; country_present" }, "geometry": { "type": "Point", "coordinates": [ 76.601887, 8.870185 ] } },
{ "type": "Feature", "properties": { "Record_ID": "GBIF_BAT_0292", "Binomial": "Pteropus medius", "Genus": "Pteropus", "Species_Epithet": "medius", "Subspecies": "", "Authority": "Temminck, 1825", "Scientific_Name_Full": "Pteropus medius Temminck, 1825", "Latitude": 24.148367, "Longitude": 92.03041, "Country": "India", "Country_Code": "IN", "Year_Collected": 2025.0, "GBIF_Citation": "GBIF.org (2026). GBIF Occurrence Download. Accessed via GBIF.org on 2026-04-02.", "Citation_Notes": "For publication use: Users should create a proper GBIF download with DOI at gbif.org for citeable reference. This dataset is for preliminary analysis only.", "GBIF_Species_URL": "https://www.gbif.org/species/search?q=Pteropus%20medius", "Record_Completeness": "Excellent", "Completeness_Notes": "coordinates_present; year_present; authority_present; country_present" }, "geometry": { "type": "Point", "coordinates": [ 92.03041, 24.148367 ] } },
{ "type": "Feature", "properties": { "Record_ID": "GBIF_BAT_0293", "Binomial": "Pteropus medius", "Genus": "Pteropus", "Species_Epithet": "medius", "Subspecies": "", "Authority": "Temminck, 1825", "Scientific_Name_Full": "Pteropus medius Temminck, 1825", "Latitude": 8.510303, "Longitude": 76.955044, "Country": "India", "Country_Code": "IN", "Year_Collected": 2025.0, "GBIF_Citation": "GBIF.org (2026). GBIF Occurrence Download. Accessed via GBIF.org on 2026-04-02.", "Citation_Notes": "For publication use: Users should create a proper GBIF download with DOI at gbif.org for citeable reference. This dataset is for preliminary analysis only.", "GBIF_Species_URL": "https://www.gbif.org/species/search?q=Pteropus%20medius", "Record_Completeness": "Excellent", "Completeness_Notes": "coordinates_present; year_present; authority_present; country_present" }, "geometry": { "type": "Point", "coordinates": [ 76.955044, 8.510303 ] } },
{ "type": "Feature", "properties": { "Record_ID": "GBIF_BAT_0294", "Binomial": "Pteropus medius", "Genus": "Pteropus", "Species_Epithet": "medius", "Subspecies": "", "Authority": "Temminck, 1825", "Scientific_Name_Full": "Pteropus medius Temminck, 1825", "Latitude": 21.758147, "Longitude": 88.222121, "Country": "India", "Country_Code": "IN", "Year_Collected": 2025.0, "GBIF_Citation": "GBIF.org (2026). GBIF Occurrence Download. Accessed via GBIF.org on 2026-04-02.", "Citation_Notes": "For publication use: Users should create a proper GBIF download with DOI at gbif.org for citeable reference. This dataset is for preliminary analysis only.", "GBIF_Species_URL": "https://www.gbif.org/species/search?q=Pteropus%20medius", "Record_Completeness": "Excellent", "Completeness_Notes": "coordinates_present; year_present; authority_present; country_present" }, "geometry": { "type": "Point", "coordinates": [ 88.222121, 21.758147 ] } },
{ "type": "Feature", "properties": { "Record_ID": "GBIF_BAT_0295", "Binomial": "Pteropus medius", "Genus": "Pteropus", "Species_Epithet": "medius", "Subspecies": "", "Authority": "Temminck, 1825", "Scientific_Name_Full": "Pteropus medius Temminck, 1825", "Latitude": 10.264559, "Longitude": 76.353137, "Country": "India", "Country_Code": "IN", "Year_Collected": 2025.0, "GBIF_Citation": "GBIF.org (2026). GBIF Occurrence Download. Accessed via GBIF.org on 2026-04-02.", "Citation_Notes": "For publication use: Users should create a proper GBIF download with DOI at gbif.org for citeable reference. This dataset is for preliminary analysis only.", "GBIF_Species_URL": "https://www.gbif.org/species/search?q=Pteropus%20medius", "Record_Completeness": "Excellent", "Completeness_Notes": "coordinates_present; year_present; authority_present; country_present" }, "geometry": { "type": "Point", "coordinates": [ 76.353137, 10.264559 ] } },
{ "type": "Feature", "properties": { "Record_ID": "GBIF_BAT_0296", "Binomial": "Pteropus medius", "Genus": "Pteropus", "Species_Epithet": "medius", "Subspecies": "", "Authority": "Temminck, 1825", "Scientific_Name_Full": "Pteropus medius Temminck, 1825", "Latitude": 26.193119, "Longitude": 91.767723, "Country": "India", "Country_Code": "IN", "Year_Collected": 2025.0, "GBIF_Citation": "GBIF.org (2026). GBIF Occurrence Download. Accessed via GBIF.org on 2026-04-02.", "Citation_Notes": "For publication use: Users should create a proper GBIF download with DOI at gbif.org for citeable reference. This dataset is for preliminary analysis only.", "GBIF_Species_URL": "https://www.gbif.org/species/search?q=Pteropus%20medius", "Record_Completeness": "Excellent", "Completeness_Notes": "coordinates_present; year_present; authority_present; country_present" }, "geometry": { "type": "Point", "coordinates": [ 91.767723, 26.193119 ] } },
{ "type": "Feature", "properties": { "Record_ID": "GBIF_BAT_0297", "Binomial": "Pteropus medius", "Genus": "Pteropus", "Species_Epithet": "medius", "Subspecies": "", "Authority": "Temminck, 1825", "Scientific_Name_Full": "Pteropus medius Temminck, 1825", "Latitude": 10.126683, "Longitude": 76.330917, "Country": "India", "Country_Code": "IN", "Year_Collected": 2025.0, "GBIF_Citation": "GBIF.org (2026). GBIF Occurrence Download. Accessed via GBIF.org on 2026-04-02.", "Citation_Notes": "For publication use: Users should create a proper GBIF download with DOI at gbif.org for citeable reference. This dataset is for preliminary analysis only.", "GBIF_Species_URL": "https://www.gbif.org/species/search?q=Pteropus%20medius", "Record_Completeness": "Excellent", "Completeness_Notes": "coordinates_present; year_present; authority_present; country_present" }, "geometry": { "type": "Point", "coordinates": [ 76.330917, 10.126683 ] } },
{ "type": "Feature", "properties": { "Record_ID": "GBIF_BAT_0298", "Binomial": "Pteropus medius", "Genus": "Pteropus", "Species_Epithet": "medius", "Subspecies": "", "Authority": "Temminck, 1825", "Scientific_Name_Full": "Pteropus medius Temminck, 1825", "Latitude": 10.543279, "Longitude": 76.183456, "Country": "India", "Country_Code": "IN", "Year_Collected": 2025.0, "GBIF_Citation": "GBIF.org (2026). GBIF Occurrence Download. Accessed via GBIF.org on 2026-04-02.", "Citation_Notes": "For publication use: Users should create a proper GBIF download with DOI at gbif.org for citeable reference. This dataset is for preliminary analysis only.", "GBIF_Species_URL": "https://www.gbif.org/species/search?q=Pteropus%20medius", "Record_Completeness": "Excellent", "Completeness_Notes": "coordinates_present; year_present; authority_present; country_present" }, "geometry": { "type": "Point", "coordinates": [ 76.183456, 10.543279 ] } },
{ "type": "Feature", "properties": { "Record_ID": "GBIF_BAT_0299", "Binomial": "Pteropus medius", "Genus": "Pteropus", "Species_Epithet": "medius", "Subspecies": "", "Authority": "Temminck, 1825", "Scientific_Name_Full": "Pteropus medius Temminck, 1825", "Latitude": 10.93915, "Longitude": 76.658935, "Country": "India", "Country_Code": "IN", "Year_Collected": 2025.0, "GBIF_Citation": "GBIF.org (2026). GBIF Occurrence Download. Accessed via GBIF.org on 2026-04-02.", "Citation_Notes": "For publication use: Users should create a proper GBIF download with DOI at gbif.org for citeable reference. This dataset is for preliminary analysis only.", "GBIF_Species_URL": "https://www.gbif.org/species/search?q=Pteropus%20medius", "Record_Completeness": "Excellent", "Completeness_Notes": "coordinates_present; year_present; authority_present; country_present" }, "geometry": { "type": "Point", "coordinates": [ 76.658935, 10.93915 ] } },
{ "type": "Feature", "properties": { "Record_ID": "GBIF_BAT_0300", "Binomial": "Pteropus medius", "Genus": "Pteropus", "Species_Epithet": "medius", "Subspecies": "", "Authority": "Temminck, 1825", "Scientific_Name_Full": "Pteropus medius Temminck, 1825", "Latitude": 10.490437, "Longitude": 76.243591, "Country": "India", "Country_Code": "IN", "Year_Collected": 2025.0, "GBIF_Citation": "GBIF.org (2026). GBIF Occurrence Download. Accessed via GBIF.org on 2026-04-02.", "Citation_Notes": "For publication use: Users should create a proper GBIF download with DOI at gbif.org for citeable reference. This dataset is for preliminary analysis only.", "GBIF_Species_URL": "https://www.gbif.org/species/search?q=Pteropus%20medius", "Record_Completeness": "Excellent", "Completeness_Notes": "coordinates_present; year_present; authority_present; country_present" }, "geometry": { "type": "Point", "coordinates": [ 76.243591, 10.490437 ] } },
{ "type": "Feature", "properties": { "Record_ID": "GBIF_BAT_0301", "Binomial": "Pteropus medius", "Genus": "Pteropus", "Species_Epithet": "medius", "Subspecies": "", "Authority": "Temminck, 1825", "Scientific_Name_Full": "Pteropus medius Temminck, 1825", "Latitude": 26.176297, "Longitude": 91.821229, "Country": "India", "Country_Code": "IN", "Year_Collected": 2025.0, "GBIF_Citation": "GBIF.org (2026). GBIF Occurrence Download. Accessed via GBIF.org on 2026-04-02.", "Citation_Notes": "For publication use: Users should create a proper GBIF download with DOI at gbif.org for citeable reference. This dataset is for preliminary analysis only.", "GBIF_Species_URL": "https://www.gbif.org/species/search?q=Pteropus%20medius", "Record_Completeness": "Excellent", "Completeness_Notes": "coordinates_present; year_present; authority_present; country_present" }, "geometry": { "type": "Point", "coordinates": [ 91.821229, 26.176297 ] } },
{ "type": "Feature", "properties": { "Record_ID": "GBIF_BAT_0302", "Binomial": "Pteropus medius", "Genus": "Pteropus", "Species_Epithet": "medius", "Subspecies": "", "Authority": "Temminck, 1825", "Scientific_Name_Full": "Pteropus medius Temminck, 1825", "Latitude": 10.533881, "Longitude": 76.234876, "Country": "India", "Country_Code": "IN", "Year_Collected": 2025.0, "GBIF_Citation": "GBIF.org (2026). GBIF Occurrence Download. Accessed via GBIF.org on 2026-04-02.", "Citation_Notes": "For publication use: Users should create a proper GBIF download with DOI at gbif.org for citeable reference. This dataset is for preliminary analysis only.", "GBIF_Species_URL": "https://www.gbif.org/species/search?q=Pteropus%20medius", "Record_Completeness": "Excellent", "Completeness_Notes": "coordinates_present; year_present; authority_present; country_present" }, "geometry": { "type": "Point", "coordinates": [ 76.234876, 10.533881 ] } },
{ "type": "Feature", "properties": { "Record_ID": "GBIF_BAT_0303", "Binomial": "Pteropus medius", "Genus": "Pteropus", "Species_Epithet": "medius", "Subspecies": "", "Authority": "Temminck, 1825", "Scientific_Name_Full": "Pteropus medius Temminck, 1825", "Latitude": 10.801094, "Longitude": 76.17935, "Country": "India", "Country_Code": "IN", "Year_Collected": 2025.0, "GBIF_Citation": "GBIF.org (2026). GBIF Occurrence Download. Accessed via GBIF.org on 2026-04-02.", "Citation_Notes": "For publication use: Users should create a proper GBIF download with DOI at gbif.org for citeable reference. This dataset is for preliminary analysis only.", "GBIF_Species_URL": "https://www.gbif.org/species/search?q=Pteropus%20medius", "Record_Completeness": "Excellent", "Completeness_Notes": "coordinates_present; year_present; authority_present; country_present" }, "geometry": { "type": "Point", "coordinates": [ 76.17935, 10.801094 ] } },
{ "type": "Feature", "properties": { "Record_ID": "GBIF_BAT_0304", "Binomial": "Pteropus medius", "Genus": "Pteropus", "Species_Epithet": "medius", "Subspecies": "", "Authority": "Temminck, 1825", "Scientific_Name_Full": "Pteropus medius Temminck, 1825", "Latitude": 22.512026, "Longitude": 88.362515, "Country": "India", "Country_Code": "IN", "Year_Collected": 2025.0, "GBIF_Citation": "GBIF.org (2026). GBIF Occurrence Download. Accessed via GBIF.org on 2026-04-02.", "Citation_Notes": "For publication use: Users should create a proper GBIF download with DOI at gbif.org for citeable reference. This dataset is for preliminary analysis only.", "GBIF_Species_URL": "https://www.gbif.org/species/search?q=Pteropus%20medius", "Record_Completeness": "Excellent", "Completeness_Notes": "coordinates_present; year_present; authority_present; country_present" }, "geometry": { "type": "Point", "coordinates": [ 88.362515, 22.512026 ] } },
{ "type": "Feature", "properties": { "Record_ID": "GBIF_BAT_0305", "Binomial": "Pteropus medius", "Genus": "Pteropus", "Species_Epithet": "medius", "Subspecies": "", "Authority": "Temminck, 1825", "Scientific_Name_Full": "Pteropus medius Temminck, 1825", "Latitude": 9.603473, "Longitude": 77.167422, "Country": "India", "Country_Code": "IN", "Year_Collected": 2025.0, "GBIF_Citation": "GBIF.org (2026). GBIF Occurrence Download. Accessed via GBIF.org on 2026-04-02.", "Citation_Notes": "For publication use: Users should create a proper GBIF download with DOI at gbif.org for citeable reference. This dataset is for preliminary analysis only.", "GBIF_Species_URL": "https://www.gbif.org/species/search?q=Pteropus%20medius", "Record_Completeness": "Excellent", "Completeness_Notes": "coordinates_present; year_present; authority_present; country_present" }, "geometry": { "type": "Point", "coordinates": [ 77.167422, 9.603473 ] } },
{ "type": "Feature", "properties": { "Record_ID": "GBIF_BAT_0306", "Binomial": "Pteropus medius", "Genus": "Pteropus", "Species_Epithet": "medius", "Subspecies": "", "Authority": "Temminck, 1825", "Scientific_Name_Full": "Pteropus medius Temminck, 1825", "Latitude": 9.569967, "Longitude": 76.788289, "Country": "India", "Country_Code": "IN", "Year_Collected": 2025.0, "GBIF_Citation": "GBIF.org (2026). GBIF Occurrence Download. Accessed via GBIF.org on 2026-04-02.", "Citation_Notes": "For publication use: Users should create a proper GBIF download with DOI at gbif.org for citeable reference. This dataset is for preliminary analysis only.", "GBIF_Species_URL": "https://www.gbif.org/species/search?q=Pteropus%20medius", "Record_Completeness": "Excellent", "Completeness_Notes": "coordinates_present; year_present; authority_present; country_present" }, "geometry": { "type": "Point", "coordinates": [ 76.788289, 9.569967 ] } },
{ "type": "Feature", "properties": { "Record_ID": "GBIF_BAT_0307", "Binomial": "Pteropus medius", "Genus": "Pteropus", "Species_Epithet": "medius", "Subspecies": "", "Authority": "Temminck, 1825", "Scientific_Name_Full": "Pteropus medius Temminck, 1825", "Latitude": 9.801907, "Longitude": 76.30079, "Country": "India", "Country_Code": "IN", "Year_Collected": 2025.0, "GBIF_Citation": "GBIF.org (2026). GBIF Occurrence Download. Accessed via GBIF.org on 2026-04-02.", "Citation_Notes": "For publication use: Users should create a proper GBIF download with DOI at gbif.org for citeable reference. This dataset is for preliminary analysis only.", "GBIF_Species_URL": "https://www.gbif.org/species/search?q=Pteropus%20medius", "Record_Completeness": "Excellent", "Completeness_Notes": "coordinates_present; year_present; authority_present; country_present" }, "geometry": { "type": "Point", "coordinates": [ 76.30079, 9.801907 ] } },
{ "type": "Feature", "properties": { "Record_ID": "GBIF_BAT_0308", "Binomial": "Pteropus medius", "Genus": "Pteropus", "Species_Epithet": "medius", "Subspecies": "", "Authority": "Temminck, 1825", "Scientific_Name_Full": "Pteropus medius Temminck, 1825", "Latitude": 9.414151, "Longitude": 76.382636, "Country": "India", "Country_Code": "IN", "Year_Collected": 2025.0, "GBIF_Citation": "GBIF.org (2026). GBIF Occurrence Download. Accessed via GBIF.org on 2026-04-02.", "Citation_Notes": "For publication use: Users should create a proper GBIF download with DOI at gbif.org for citeable reference. This dataset is for preliminary analysis only.", "GBIF_Species_URL": "https://www.gbif.org/species/search?q=Pteropus%20medius", "Record_Completeness": "Excellent", "Completeness_Notes": "coordinates_present; year_present; authority_present; country_present" }, "geometry": { "type": "Point", "coordinates": [ 76.382636, 9.414151 ] } },
{ "type": "Feature", "properties": { "Record_ID": "GBIF_BAT_0309", "Binomial": "Pteropus medius", "Genus": "Pteropus", "Species_Epithet": "medius", "Subspecies": "", "Authority": "Temminck, 1825", "Scientific_Name_Full": "Pteropus medius Temminck, 1825", "Latitude": 22.541938, "Longitude": 88.354745, "Country": "India", "Country_Code": "IN", "Year_Collected": 2025.0, "GBIF_Citation": "GBIF.org (2026). GBIF Occurrence Download. Accessed via GBIF.org on 2026-04-02.", "Citation_Notes": "For publication use: Users should create a proper GBIF download with DOI at gbif.org for citeable reference. This dataset is for preliminary analysis only.", "GBIF_Species_URL": "https://www.gbif.org/species/search?q=Pteropus%20medius", "Record_Completeness": "Excellent", "Completeness_Notes": "coordinates_present; year_present; authority_present; country_present" }, "geometry": { "type": "Point", "coordinates": [ 88.354745, 22.541938 ] } },
{ "type": "Feature", "properties": { "Record_ID": "GBIF_BAT_0310", "Binomial": "Pteropus medius", "Genus": "Pteropus", "Species_Epithet": "medius", "Subspecies": "", "Authority": "Temminck, 1825", "Scientific_Name_Full": "Pteropus medius Temminck, 1825", "Latitude": 9.60175, "Longitude": 77.167685, "Country": "India", "Country_Code": "IN", "Year_Collected": 2025.0, "GBIF_Citation": "GBIF.org (2026). GBIF Occurrence Download. Accessed via GBIF.org on 2026-04-02.", "Citation_Notes": "For publication use: Users should create a proper GBIF download with DOI at gbif.org for citeable reference. This dataset is for preliminary analysis only.", "GBIF_Species_URL": "https://www.gbif.org/species/search?q=Pteropus%20medius", "Record_Completeness": "Excellent", "Completeness_Notes": "coordinates_present; year_present; authority_present; country_present" }, "geometry": { "type": "Point", "coordinates": [ 77.167685, 9.60175 ] } },
{ "type": "Feature", "properties": { "Record_ID": "GBIF_BAT_0311", "Binomial": "Pteropus medius", "Genus": "Pteropus", "Species_Epithet": "medius", "Subspecies": "", "Authority": "Temminck, 1825", "Scientific_Name_Full": "Pteropus medius Temminck, 1825", "Latitude": 10.1365, "Longitude": 76.294488, "Country": "India", "Country_Code": "IN", "Year_Collected": 2025.0, "GBIF_Citation": "GBIF.org (2026). GBIF Occurrence Download. Accessed via GBIF.org on 2026-04-02.", "Citation_Notes": "For publication use: Users should create a proper GBIF download with DOI at gbif.org for citeable reference. This dataset is for preliminary analysis only.", "GBIF_Species_URL": "https://www.gbif.org/species/search?q=Pteropus%20medius", "Record_Completeness": "Excellent", "Completeness_Notes": "coordinates_present; year_present; authority_present; country_present" }, "geometry": { "type": "Point", "coordinates": [ 76.294488, 10.1365 ] } },
{ "type": "Feature", "properties": { "Record_ID": "GBIF_BAT_0312", "Binomial": "Pteropus medius", "Genus": "Pteropus", "Species_Epithet": "medius", "Subspecies": "", "Authority": "Temminck, 1825", "Scientific_Name_Full": "Pteropus medius Temminck, 1825", "Latitude": 9.413983, "Longitude": 76.411203, "Country": "India", "Country_Code": "IN", "Year_Collected": 2025.0, "GBIF_Citation": "GBIF.org (2026). GBIF Occurrence Download. Accessed via GBIF.org on 2026-04-02.", "Citation_Notes": "For publication use: Users should create a proper GBIF download with DOI at gbif.org for citeable reference. This dataset is for preliminary analysis only.", "GBIF_Species_URL": "https://www.gbif.org/species/search?q=Pteropus%20medius", "Record_Completeness": "Excellent", "Completeness_Notes": "coordinates_present; year_present; authority_present; country_present" }, "geometry": { "type": "Point", "coordinates": [ 76.411203, 9.413983 ] } },
{ "type": "Feature", "properties": { "Record_ID": "GBIF_BAT_0313", "Binomial": "Pteropus medius", "Genus": "Pteropus", "Species_Epithet": "medius", "Subspecies": "", "Authority": "Temminck, 1825", "Scientific_Name_Full": "Pteropus medius Temminck, 1825", "Latitude": 9.98874, "Longitude": 76.272524, "Country": "India", "Country_Code": "IN", "Year_Collected": 2025.0, "GBIF_Citation": "GBIF.org (2026). GBIF Occurrence Download. Accessed via GBIF.org on 2026-04-02.", "Citation_Notes": "For publication use: Users should create a proper GBIF download with DOI at gbif.org for citeable reference. This dataset is for preliminary analysis only.", "GBIF_Species_URL": "https://www.gbif.org/species/search?q=Pteropus%20medius", "Record_Completeness": "Excellent", "Completeness_Notes": "coordinates_present; year_present; authority_present; country_present" }, "geometry": { "type": "Point", "coordinates": [ 76.272524, 9.98874 ] } },
{ "type": "Feature", "properties": { "Record_ID": "GBIF_BAT_0314", "Binomial": "Pteropus medius", "Genus": "Pteropus", "Species_Epithet": "medius", "Subspecies": "", "Authority": "Temminck, 1825", "Scientific_Name_Full": "Pteropus medius Temminck, 1825", "Latitude": 10.527642, "Longitude": 76.214435, "Country": "India", "Country_Code": "IN", "Year_Collected": 2025.0, "GBIF_Citation": "GBIF.org (2026). GBIF Occurrence Download. Accessed via GBIF.org on 2026-04-02.", "Citation_Notes": "For publication use: Users should create a proper GBIF download with DOI at gbif.org for citeable reference. This dataset is for preliminary analysis only.", "GBIF_Species_URL": "https://www.gbif.org/species/search?q=Pteropus%20medius", "Record_Completeness": "Excellent", "Completeness_Notes": "coordinates_present; year_present; authority_present; country_present" }, "geometry": { "type": "Point", "coordinates": [ 76.214435, 10.527642 ] } },
{ "type": "Feature", "properties": { "Record_ID": "GBIF_BAT_0315", "Binomial": "Pteropus medius", "Genus": "Pteropus", "Species_Epithet": "medius", "Subspecies": "", "Authority": "Temminck, 1825", "Scientific_Name_Full": "Pteropus medius Temminck, 1825", "Latitude": 26.650788, "Longitude": 88.160781, "Country": "Nepal", "Country_Code": "NP", "Year_Collected": 2020.0, "GBIF_Citation": "GBIF.org (2026). GBIF Occurrence Download. Accessed via GBIF.org on 2026-04-02.", "Citation_Notes": "For publication use: Users should create a proper GBIF download with DOI at gbif.org for citeable reference. This dataset is for preliminary analysis only.", "GBIF_Species_URL": "https://www.gbif.org/species/search?q=Pteropus%20medius", "Record_Completeness": "Excellent", "Completeness_Notes": "coordinates_present; year_present; authority_present; country_present" }, "geometry": { "type": "Point", "coordinates": [ 88.160781, 26.650788 ] } },
{ "type": "Feature", "properties": { "Record_ID": "GBIF_BAT_0316", "Binomial": "Pteropus medius", "Genus": "Pteropus", "Species_Epithet": "medius", "Subspecies": "", "Authority": "Temminck, 1825", "Scientific_Name_Full": "Pteropus medius Temminck, 1825", "Latitude": 26.67825, "Longitude": 88.159437, "Country": "Nepal", "Country_Code": "NP", "Year_Collected": 2024.0, "GBIF_Citation": "GBIF.org (2026). GBIF Occurrence Download. Accessed via GBIF.org on 2026-04-02.", "Citation_Notes": "For publication use: Users should create a proper GBIF download with DOI at gbif.org for citeable reference. This dataset is for preliminary analysis only.", "GBIF_Species_URL": "https://www.gbif.org/species/search?q=Pteropus%20medius", "Record_Completeness": "Excellent", "Completeness_Notes": "coordinates_present; year_present; authority_present; country_present" }, "geometry": { "type": "Point", "coordinates": [ 88.159437, 26.67825 ] } },
{ "type": "Feature", "properties": { "Record_ID": "GBIF_BAT_0317", "Binomial": "Pteropus medius", "Genus": "Pteropus", "Species_Epithet": "medius", "Subspecies": "", "Authority": "Temminck, 1825", "Scientific_Name_Full": "Pteropus medius Temminck, 1825", "Latitude": 26.677633, "Longitude": 88.161041, "Country": "Nepal", "Country_Code": "NP", "Year_Collected": 2024.0, "GBIF_Citation": "GBIF.org (2026). GBIF Occurrence Download. Accessed via GBIF.org on 2026-04-02.", "Citation_Notes": "For publication use: Users should create a proper GBIF download with DOI at gbif.org for citeable reference. This dataset is for preliminary analysis only.", "GBIF_Species_URL": "https://www.gbif.org/species/search?q=Pteropus%20medius", "Record_Completeness": "Excellent", "Completeness_Notes": "coordinates_present; year_present; authority_present; country_present" }, "geometry": { "type": "Point", "coordinates": [ 88.161041, 26.677633 ] } },
{ "type": "Feature", "properties": { "Record_ID": "GBIF_BAT_0320", "Binomial": "Rousettus leschenaultii", "Genus": "Rousettus", "Species_Epithet": "leschenaultii", "Subspecies": "", "Authority": "Desmarest, 1820", "Scientific_Name_Full": "Rousettus leschenaultii (Desmarest, 1820)", "Latitude": 22.497332, "Longitude": 91.801758, "Country": "Bangladesh", "Country_Code": "BD", "Year_Collected": 2012.0, "GBIF_Citation": "GBIF.org (2026). GBIF Occurrence Download. Accessed via GBIF.org on 2026-04-02.", "Citation_Notes": "For publication use: Users should create a proper GBIF download with DOI at gbif.org for citeable reference. This dataset is for preliminary analysis only.", "GBIF_Species_URL": "https://www.gbif.org/species/search?q=Rousettus%20leschenaultii", "Record_Completeness": "Excellent", "Completeness_Notes": "coordinates_present; year_present; authority_present; country_present" }, "geometry": { "type": "Point", "coordinates": [ 91.801758, 22.497332 ] } },
{ "type": "Feature", "properties": { "Record_ID": "GBIF_BAT_0321", "Binomial": "Rousettus leschenaultii", "Genus": "Rousettus", "Species_Epithet": "leschenaultii", "Subspecies": "", "Authority": "Desmarest, 1820", "Scientific_Name_Full": "Rousettus leschenaultii (Desmarest, 1820)", "Latitude": 9.5833, "Longitude": 77.25, "Country": "India", "Country_Code": "IN", "Year_Collected": 1986.0, "GBIF_Citation": "GBIF.org (2026). GBIF Occurrence Download. Accessed via GBIF.org on 2026-04-02.", "Citation_Notes": "For publication use: Users should create a proper GBIF download with DOI at gbif.org for citeable reference. This dataset is for preliminary analysis only.", "GBIF_Species_URL": "https://www.gbif.org/species/search?q=Rousettus%20leschenaultii", "Record_Completeness": "Excellent", "Completeness_Notes": "coordinates_present; year_present; authority_present; country_present" }, "geometry": { "type": "Point", "coordinates": [ 77.25, 9.5833 ] } },
{ "type": "Feature", "properties": { "Record_ID": "GBIF_BAT_0322", "Binomial": "Rousettus leschenaultii", "Genus": "Rousettus", "Species_Epithet": "leschenaultii", "Subspecies": "", "Authority": "Desmarest, 1820", "Scientific_Name_Full": "Rousettus leschenaultii (Desmarest, 1820)", "Latitude": 27.75, "Longitude": 88.5, "Country": "India", "Country_Code": "IN", "Year_Collected": 1992.0, "GBIF_Citation": "GBIF.org (2026). GBIF Occurrence Download. Accessed via GBIF.org on 2026-04-02.", "Citation_Notes": "For publication use: Users should create a proper GBIF download with DOI at gbif.org for citeable reference. This dataset is for preliminary analysis only.", "GBIF_Species_URL": "https://www.gbif.org/species/search?q=Rousettus%20leschenaultii", "Record_Completeness": "Excellent", "Completeness_Notes": "coordinates_present; year_present; authority_present; country_present" }, "geometry": { "type": "Point", "coordinates": [ 88.5, 27.75 ] } },
{ "type": "Feature", "properties": { "Record_ID": "GBIF_BAT_0323", "Binomial": "Rousettus leschenaultii", "Genus": "Rousettus", "Species_Epithet": "leschenaultii", "Subspecies": "", "Authority": "Desmarest, 1820", "Scientific_Name_Full": "Rousettus leschenaultii (Desmarest, 1820)", "Latitude": 9.964361, "Longitude": 76.24054, "Country": "India", "Country_Code": "IN", "Year_Collected": 2012.0, "GBIF_Citation": "GBIF.org (2026). GBIF Occurrence Download. Accessed via GBIF.org on 2026-04-02.", "Citation_Notes": "For publication use: Users should create a proper GBIF download with DOI at gbif.org for citeable reference. This dataset is for preliminary analysis only.", "GBIF_Species_URL": "https://www.gbif.org/species/search?q=Rousettus%20leschenaultii", "Record_Completeness": "Excellent", "Completeness_Notes": "coordinates_present; year_present; authority_present; country_present" }, "geometry": { "type": "Point", "coordinates": [ 76.24054, 9.964361 ] } },
{ "type": "Feature", "properties": { "Record_ID": "GBIF_BAT_0324", "Binomial": "Rousettus leschenaultii", "Genus": "Rousettus", "Species_Epithet": "leschenaultii", "Subspecies": "", "Authority": "Desmarest, 1820", "Scientific_Name_Full": "Rousettus leschenaultii (Desmarest, 1820)", "Latitude": 25.20832, "Longitude": 92.270199, "Country": "India", "Country_Code": "IN", "Year_Collected": 2014.0, "GBIF_Citation": "GBIF.org (2026). GBIF Occurrence Download. Accessed via GBIF.org on 2026-04-02.", "Citation_Notes": "For publication use: Users should create a proper GBIF download with DOI at gbif.org for citeable reference. This dataset is for preliminary analysis only.", "GBIF_Species_URL": "https://www.gbif.org/species/search?q=Rousettus%20leschenaultii", "Record_Completeness": "Excellent", "Completeness_Notes": "coordinates_present; year_present; authority_present; country_present" }, "geometry": { "type": "Point", "coordinates": [ 92.270199, 25.20832 ] } },
{ "type": "Feature", "properties": { "Record_ID": "GBIF_BAT_0325", "Binomial": "Rousettus leschenaultii", "Genus": "Rousettus", "Species_Epithet": "leschenaultii", "Subspecies": "", "Authority": "Desmarest, 1820", "Scientific_Name_Full": "Rousettus leschenaultii (Desmarest, 1820)", "Latitude": 23.682862, "Longitude": 92.438827, "Country": "India", "Country_Code": "IN", "Year_Collected": 2018.0, "GBIF_Citation": "GBIF.org (2026). GBIF Occurrence Download. Accessed via GBIF.org on 2026-04-02.", "Citation_Notes": "For publication use: Users should create a proper GBIF download with DOI at gbif.org for citeable reference. This dataset is for preliminary analysis only.", "GBIF_Species_URL": "https://www.gbif.org/species/search?q=Rousettus%20leschenaultii", "Record_Completeness": "Excellent", "Completeness_Notes": "coordinates_present; year_present; authority_present; country_present" }, "geometry": { "type": "Point", "coordinates": [ 92.438827, 23.682862 ] } },
{ "type": "Feature", "properties": { "Record_ID": "GBIF_BAT_0326", "Binomial": "Rousettus leschenaultii", "Genus": "Rousettus", "Species_Epithet": "leschenaultii", "Subspecies": "", "Authority": "Desmarest, 1820", "Scientific_Name_Full": "Rousettus leschenaultii (Desmarest, 1820)", "Latitude": 27.470585, "Longitude": 88.50898, "Country": "India", "Country_Code": "IN", "Year_Collected": 2019.0, "GBIF_Citation": "GBIF.org (2026). GBIF Occurrence Download. Accessed via GBIF.org on 2026-04-02.", "Citation_Notes": "For publication use: Users should create a proper GBIF download with DOI at gbif.org for citeable reference. This dataset is for preliminary analysis only.", "GBIF_Species_URL": "https://www.gbif.org/species/search?q=Rousettus%20leschenaultii", "Record_Completeness": "Excellent", "Completeness_Notes": "coordinates_present; year_present; authority_present; country_present" }, "geometry": { "type": "Point", "coordinates": [ 88.50898, 27.470585 ] } },
{ "type": "Feature", "properties": { "Record_ID": "GBIF_BAT_0327", "Binomial": "Rousettus leschenaultii", "Genus": "Rousettus", "Species_Epithet": "leschenaultii", "Subspecies": "", "Authority": "Desmarest, 1820", "Scientific_Name_Full": "Rousettus leschenaultii (Desmarest, 1820)", "Latitude": 8.864747, "Longitude": 76.61589, "Country": "India", "Country_Code": "IN", "Year_Collected": 2023.0, "GBIF_Citation": "GBIF.org (2026). GBIF Occurrence Download. Accessed via GBIF.org on 2026-04-02.", "Citation_Notes": "For publication use: Users should create a proper GBIF download with DOI at gbif.org for citeable reference. This dataset is for preliminary analysis only.", "GBIF_Species_URL": "https://www.gbif.org/species/search?q=Rousettus%20leschenaultii", "Record_Completeness": "Excellent", "Completeness_Notes": "coordinates_present; year_present; authority_present; country_present" }, "geometry": { "type": "Point", "coordinates": [ 76.61589, 8.864747 ] } },
{ "type": "Feature", "properties": { "Record_ID": "GBIF_BAT_0328", "Binomial": "Rousettus leschenaultii", "Genus": "Rousettus", "Species_Epithet": "leschenaultii", "Subspecies": "", "Authority": "Desmarest, 1820", "Scientific_Name_Full": "Rousettus leschenaultii (Desmarest, 1820)", "Latitude": 9.045224, "Longitude": 76.72713, "Country": "India", "Country_Code": "IN", "Year_Collected": 2023.0, "GBIF_Citation": "GBIF.org (2026). GBIF Occurrence Download. Accessed via GBIF.org on 2026-04-02.", "Citation_Notes": "For publication use: Users should create a proper GBIF download with DOI at gbif.org for citeable reference. This dataset is for preliminary analysis only.", "GBIF_Species_URL": "https://www.gbif.org/species/search?q=Rousettus%20leschenaultii", "Record_Completeness": "Excellent", "Completeness_Notes": "coordinates_present; year_present; authority_present; country_present" }, "geometry": { "type": "Point", "coordinates": [ 76.72713, 9.045224 ] } },
{ "type": "Feature", "properties": { "Record_ID": "GBIF_BAT_0329", "Binomial": "Rousettus leschenaultii", "Genus": "Rousettus", "Species_Epithet": "leschenaultii", "Subspecies": "", "Authority": "Desmarest, 1820", "Scientific_Name_Full": "Rousettus leschenaultii (Desmarest, 1820)", "Latitude": 8.869762, "Longitude": 76.601351, "Country": "India", "Country_Code": "IN", "Year_Collected": 2023.0, "GBIF_Citation": "GBIF.org (2026). GBIF Occurrence Download. Accessed via GBIF.org on 2026-04-02.", "Citation_Notes": "For publication use: Users should create a proper GBIF download with DOI at gbif.org for citeable reference. This dataset is for preliminary analysis only.", "GBIF_Species_URL": "https://www.gbif.org/species/search?q=Rousettus%20leschenaultii", "Record_Completeness": "Excellent", "Completeness_Notes": "coordinates_present; year_present; authority_present; country_present" }, "geometry": { "type": "Point", "coordinates": [ 76.601351, 8.869762 ] } },
{ "type": "Feature", "properties": { "Record_ID": "GBIF_BAT_0330", "Binomial": "Rousettus leschenaultii", "Genus": "Rousettus", "Species_Epithet": "leschenaultii", "Subspecies": "", "Authority": "Desmarest, 1820", "Scientific_Name_Full": "Rousettus leschenaultii (Desmarest, 1820)", "Latitude": 10.153226, "Longitude": 76.337679, "Country": "India", "Country_Code": "IN", "Year_Collected": 2024.0, "GBIF_Citation": "GBIF.org (2026). GBIF Occurrence Download. Accessed via GBIF.org on 2026-04-02.", "Citation_Notes": "For publication use: Users should create a proper GBIF download with DOI at gbif.org for citeable reference. This dataset is for preliminary analysis only.", "GBIF_Species_URL": "https://www.gbif.org/species/search?q=Rousettus%20leschenaultii", "Record_Completeness": "Excellent", "Completeness_Notes": "coordinates_present; year_present; authority_present; country_present" }, "geometry": { "type": "Point", "coordinates": [ 76.337679, 10.153226 ] } },
{ "type": "Feature", "properties": { "Record_ID": "GBIF_BAT_0331", "Binomial": "Rousettus leschenaultii", "Genus": "Rousettus", "Species_Epithet": "leschenaultii", "Subspecies": "", "Authority": "Desmarest, 1820", "Scientific_Name_Full": "Rousettus leschenaultii (Desmarest, 1820)", "Latitude": 10.527642, "Longitude": 76.214435, "Country": "India", "Country_Code": "IN", "Year_Collected": 2024.0, "GBIF_Citation": "GBIF.org (2026). GBIF Occurrence Download. Accessed via GBIF.org on 2026-04-02.", "Citation_Notes": "For publication use: Users should create a proper GBIF download with DOI at gbif.org for citeable reference. This dataset is for preliminary analysis only.", "GBIF_Species_URL": "https://www.gbif.org/species/search?q=Rousettus%20leschenaultii", "Record_Completeness": "Excellent", "Completeness_Notes": "coordinates_present; year_present; authority_present; country_present" }, "geometry": { "type": "Point", "coordinates": [ 76.214435, 10.527642 ] } },
{ "type": "Feature", "properties": { "Record_ID": "GBIF_BAT_0332", "Binomial": "Rousettus leschenaultii", "Genus": "Rousettus", "Species_Epithet": "leschenaultii", "Subspecies": "", "Authority": "Desmarest, 1820", "Scientific_Name_Full": "Rousettus leschenaultii (Desmarest, 1820)", "Latitude": 10.126683, "Longitude": 76.330917, "Country": "India", "Country_Code": "IN", "Year_Collected": 2025.0, "GBIF_Citation": "GBIF.org (2026). GBIF Occurrence Download. Accessed via GBIF.org on 2026-04-02.", "Citation_Notes": "For publication use: Users should create a proper GBIF download with DOI at gbif.org for citeable reference. This dataset is for preliminary analysis only.", "GBIF_Species_URL": "https://www.gbif.org/species/search?q=Rousettus%20leschenaultii", "Record_Completeness": "Excellent", "Completeness_Notes": "coordinates_present; year_present; authority_present; country_present" }, "geometry": { "type": "Point", "coordinates": [ 76.330917, 10.126683 ] } },
{ "type": "Feature", "properties": { "Record_ID": "GBIF_BAT_0005", "Binomial": "Hipposideros larvatus", "Genus": "Hipposideros", "Species_Epithet": "larvatus", "Subspecies": "", "Authority": "Horsfield, 1823", "Scientific_Name_Full": "Hipposideros larvatus (Horsfield, 1823)", "Latitude": 25.419889, "Longitude": 92.587889, "Country": "India", "Country_Code": "IN", "Year_Collected": null, "GBIF_Citation": "GBIF.org (2026). GBIF Occurrence Download. Accessed via GBIF.org on 2026-04-02.", "Citation_Notes": "For publication use: Users should create a proper GBIF download with DOI at gbif.org for citeable reference. This dataset is for preliminary analysis only.", "GBIF_Species_URL": "https://www.gbif.org/species/search?q=Hipposideros%20larvatus", "Record_Completeness": "Complete", "Completeness_Notes": "coordinates_present; authority_present; country_present" }, "geometry": { "type": "Point", "coordinates": [ 92.587889, 25.419889 ] } },
{ "type": "Feature", "properties": { "Record_ID": "GBIF_BAT_0019", "Binomial": "Pteropus giganteus", "Genus": "Pteropus", "Species_Epithet": "giganteus", "Subspecies": "", "Authority": "Brünnich, 1782", "Scientific_Name_Full": "Pteropus giganteus (Brünnich, 1782)", "Latitude": 22.5697, "Longitude": 88.3697, "Country": "India", "Country_Code": "IN", "Year_Collected": null, "GBIF_Citation": "GBIF.org (2026). GBIF Occurrence Download. Accessed via GBIF.org on 2026-04-02.", "Citation_Notes": "For publication use: Users should create a proper GBIF download with DOI at gbif.org for citeable reference. This dataset is for preliminary analysis only.", "GBIF_Species_URL": "https://www.gbif.org/species/search?q=Pteropus%20giganteus", "Record_Completeness": "Complete", "Completeness_Notes": "coordinates_present; authority_present; country_present" }, "geometry": { "type": "Point", "coordinates": [ 88.3697, 22.5697 ] } },
{ "type": "Feature", "properties": { "Record_ID": "GBIF_BAT_0020", "Binomial": "Pteropus giganteus", "Genus": "Pteropus", "Species_Epithet": "giganteus", "Subspecies": "", "Authority": "Brünnich, 1782", "Scientific_Name_Full": "Pteropus giganteus (Brünnich, 1782)", "Latitude": 22.44179, "Longitude": 88.46363, "Country": "India", "Country_Code": "IN", "Year_Collected": null, "GBIF_Citation": "GBIF.org (2026). GBIF Occurrence Download. Accessed via GBIF.org on 2026-04-02.", "Citation_Notes": "For publication use: Users should create a proper GBIF download with DOI at gbif.org for citeable reference. This dataset is for preliminary analysis only.", "GBIF_Species_URL": "https://www.gbif.org/species/search?q=Pteropus%20giganteus", "Record_Completeness": "Complete", "Completeness_Notes": "coordinates_present; authority_present; country_present" }, "geometry": { "type": "Point", "coordinates": [ 88.46363, 22.44179 ] } },
{ "type": "Feature", "properties": { "Record_ID": "GBIF_BAT_0318", "Binomial": "Pteropus vampyrus", "Genus": "Pteropus", "Species_Epithet": "vampyrus", "Subspecies": "", "Authority": "Linnaeus, 1758", "Scientific_Name_Full": "Pteropus vampyrus (Linnaeus, 1758)", "Latitude": 22.33333, "Longitude": 87.33333, "Country": "India", "Country_Code": "IN", "Year_Collected": null, "GBIF_Citation": "GBIF.org (2026). GBIF Occurrence Download. Accessed via GBIF.org on 2026-04-02.", "Citation_Notes": "For publication use: Users should create a proper GBIF download with DOI at gbif.org for citeable reference. This dataset is for preliminary analysis only.", "GBIF_Species_URL": "https://www.gbif.org/species/search?q=Pteropus%20vampyrus", "Record_Completeness": "Complete", "Completeness_Notes": "coordinates_present; authority_present; country_present" }, "geometry": { "type": "Point", "coordinates": [ 87.33333, 22.33333 ] } },
{ "type": "Feature", "properties": { "Record_ID": "GBIF_BAT_0319", "Binomial": "Rousettus amplexicaudatus", "Genus": "Rousettus", "Species_Epithet": "amplexicaudatus", "Subspecies": "", "Authority": "É. Geoffroy Saint-Hilaire, 1810", "Scientific_Name_Full": "Rousettus amplexicaudatus (É. Geoffroy Saint-Hilaire, 1810)", "Latitude": 22.59116, "Longitude": 88.36579, "Country": "India", "Country_Code": "IN", "Year_Collected": null, "GBIF_Citation": "GBIF.org (2026). GBIF Occurrence Download. Accessed via GBIF.org on 2026-04-02.", "Citation_Notes": "For publication use: Users should create a proper GBIF download with DOI at gbif.org for citeable reference. This dataset is for preliminary analysis only.", "GBIF_Species_URL": "https://www.gbif.org/species/search?q=Rousettus%20amplexicaudatus", "Record_Completeness": "Complete", "Completeness_Notes": "coordinates_present; authority_present; country_present" }, "geometry": { "type": "Point", "coordinates": [ 88.36579, 22.59116 ] } },
{ "type": "Feature", "properties": { "Record_ID": "GBIF_BAT_0333", "Binomial": "Rousettus leschenaultii", "Genus": "Rousettus", "Species_Epithet": "leschenaultii", "Subspecies": "", "Authority": "Desmarest, 1820", "Scientific_Name_Full": "Rousettus leschenaultii (Desmarest, 1820)", "Latitude": 22.533331, "Longitude": 88.366669, "Country": "India", "Country_Code": "IN", "Year_Collected": null, "GBIF_Citation": "GBIF.org (2026). GBIF Occurrence Download. Accessed via GBIF.org on 2026-04-02.", "Citation_Notes": "For publication use: Users should create a proper GBIF download with DOI at gbif.org for citeable reference. This dataset is for preliminary analysis only.", "GBIF_Species_URL": "https://www.gbif.org/species/search?q=Rousettus%20leschenaultii", "Record_Completeness": "Complete", "Completeness_Notes": "coordinates_present; authority_present; country_present" }, "geometry": { "type": "Point", "coordinates": [ 88.366669, 22.533331 ] } },
{ "type": "Feature", "properties": { "Record_ID": "GBIF_BAT_0334", "Binomial": "Rousettus leschenaultii", "Genus": "Rousettus", "Species_Epithet": "leschenaultii", "Subspecies": "", "Authority": "Desmarest, 1820", "Scientific_Name_Full": "Rousettus leschenaultii (Desmarest, 1820)", "Latitude": 22.59116, "Longitude": 88.36579, "Country": "India", "Country_Code": "IN", "Year_Collected": null, "GBIF_Citation": "GBIF.org (2026). GBIF Occurrence Download. Accessed via GBIF.org on 2026-04-02.", "Citation_Notes": "For publication use: Users should create a proper GBIF download with DOI at gbif.org for citeable reference. This dataset is for preliminary analysis only.", "GBIF_Species_URL": "https://www.gbif.org/species/search?q=Rousettus%20leschenaultii", "Record_Completeness": "Complete", "Completeness_Notes": "coordinates_present; authority_present; country_present" }, "geometry": { "type": "Point", "coordinates": [ 88.36579, 22.59116 ] } }
]
}
